FILINGMANAGER_NAME,avg_turnover,quarters_held,avg_investment,ticker,ticker_id,tickers_invested
"A. D. Beadell Investment Counsel, Inc.",0.1337036734045645,20,2389.3,apple,11,2
"A. D. Beadell Investment Counsel, Inc.",0.10283313202958466,20,3076.8,microsoft,10,2
ABNER HERRMAN & BROCK LLC,0.19514089774557022,15,18083.066666666666,advanced_micro,8,2
ABNER HERRMAN & BROCK LLC,0.12043717651833705,20,33844.2,microsoft,10,2
ACTIAM N.V.,0.19426255765514103,13,151446.6923076923,amazon,6,1
ADELL HARRIMAN & CARPENTER INC,0.15271442885543524,20,29013797.75,amazon,6,5
ADELL HARRIMAN & CARPENTER INC,0.1183440789974135,18,71566011.94444445,apple,11,5
ADELL HARRIMAN & CARPENTER INC,0.10454725924472183,20,45733088.95,microsoft,10,5
ADELL HARRIMAN & CARPENTER INC,0.17464553594419216,20,21319569.4,palo_alto,14,5
ADELL HARRIMAN & CARPENTER INC,0.18890535410365886,20,10778881.25,salesforce,7,5
AM INVESTMENT STRATEGIES LLC,0.11815701084791377,19,42279.10526315789,amazon,6,3
AM INVESTMENT STRATEGIES LLC,0.12460869286408283,19,58426.26315789474,apple,11,3
AM INVESTMENT STRATEGIES LLC,0.15746592713107546,19,4456.9473684210525,microsoft,10,3
AMICA MUTUAL INSURANCE CO,0.19534731055575408,20,47300.5,apple,11,2
AMICA MUTUAL INSURANCE CO,0.1809348326300765,20,54377.3,microsoft,10,2
APPLETON PARTNERS INC/MA,0.12894154786094184,20,29850.95,amazon,6,5
APPLETON PARTNERS INC/MA,0.13728720342641326,20,71856.15,apple,11,5
APPLETON PARTNERS INC/MA,0.11122413630660566,20,37038.15,microsoft,10,5
APPLETON PARTNERS INC/MA,0.1766243837486688,20,7241.8,palo_alto,14,5
APPLETON PARTNERS INC/MA,0.16462175746065016,20,508.15,salesforce,7,5
AR ASSET MANAGEMENT INC,0.13719543822705663,20,44497.55,apple,11,2
AR ASSET MANAGEMENT INC,0.148379596325288,20,6389.0,microsoft,10,2
ASSET PLANNING SERVICES INC /LA/ /ADV,0.16379439254409317,20,6997.5,amazon,6,2
ASSET PLANNING SERVICES INC /LA/ /ADV,0.17119926629301524,20,16672.05,microsoft,10,2
AZZAD ASSET MANAGEMENT INC /ADV,0.17749468262825943,20,28005379.1,apple,11,2
AZZAD ASSET MANAGEMENT INC /ADV,0.15214050553745734,19,19869457.94736842,microsoft,10,2
Abound Wealth Management,0.183325646396287,13,5074339.384615385,apple,11,2
Abound Wealth Management,0.11118660783308056,13,1716986.5384615385,microsoft,10,2
"AllGen Financial Advisors, Inc.",0.11429206466377786,17,5382170.117647059,microsoft,10,1
"AlphaMark Advisors, LLC",0.17332970386438742,20,3130.55,amazon,6,3
"AlphaMark Advisors, LLC",0.15011417953584966,20,1939.85,apple,11,3
"AlphaMark Advisors, LLC",0.15781185669838138,20,421.2,microsoft,10,3
Amica Retiree Medical Trust,0.16699004296931047,17,4121.705882352941,amazon,6,3
Amica Retiree Medical Trust,0.1676259981491115,17,6065.235294117647,apple,11,3
Amica Retiree Medical Trust,0.12717276059583596,17,6673.64705882353,microsoft,10,3
"Anchor Investment Management, LLC",0.16658729862777485,20,7603721.25,amazon,6,3
"Anchor Investment Management, LLC",0.15072344468569185,20,17835014.85,apple,11,3
"Anchor Investment Management, LLC",0.1126946285934616,20,27715400.2,microsoft,10,3
"Annandale Capital, LLC",0.18172970312135486,17,5751.0,apple,11,2
"Annandale Capital, LLC",0.13863519602849453,17,8377.176470588236,microsoft,10,2
Ardevora Asset Management LLP,0.1583955102489921,13,56324.230769230766,amazon,6,1
Ashburton (Jersey) Ltd,0.1608499152993111,19,26154.263157894737,microsoft,10,1
Aspen Investment Management Inc,0.18513162534114225,20,2681.5,amazon,6,3
Aspen Investment Management Inc,0.16198381677899137,20,3233.55,apple,11,3
Aspen Investment Management Inc,0.11842896388612326,20,6454.6,microsoft,10,3
"Ategra Capital Management, LLC",0.13885145133240442,17,3611220.0588235296,apple,11,1
"Aurora Investment Managers, LLC.",0.13836440385771775,19,9001.368421052632,apple,11,2
"Aurora Investment Managers, LLC.",0.10108425587995487,20,7344.55,microsoft,10,2
"Aurora Private Wealth, Inc.",0.19373023286808783,20,3570.65,amazon,6,3
"Aurora Private Wealth, Inc.",0.19889507530830203,20,8895.05,apple,11,3
"Aurora Private Wealth, Inc.",0.1779435728224884,20,2348.8,microsoft,10,3
Avalon Global Asset Management LLC,0.18145274892572666,20,16510.1,apple,11,1
Avion Wealth,0.174298211412959,18,2329.3333333333335,apple,11,2
Avion Wealth,0.1471002950866579,18,960.7222222222222,microsoft,10,2
BARTLETT & CO. WEALTH MANAGEMENT LLC,0.1483750492607511,20,302234276.15,apple,11,2
BARTLETT & CO. WEALTH MANAGEMENT LLC,0.10211396480227423,20,296118198.75,microsoft,10,2
BEDDOW CAPITAL MANAGEMENT INC,0.1417552608493463,20,779.6,amazon,6,3
BEDDOW CAPITAL MANAGEMENT INC,0.18532321673194552,18,410.6111111111111,apple,11,3
BEDDOW CAPITAL MANAGEMENT INC,0.11305977353035584,14,309.7857142857143,microsoft,10,3
BEDRIJFSTAKPENSIOENFONDS VOOR DE MEDIA PNO,0.1286444024342974,20,43445.9,amazon,6,3
BEDRIJFSTAKPENSIOENFONDS VOOR DE MEDIA PNO,0.11302513988054112,20,55889.8,microsoft,10,3
BEDRIJFSTAKPENSIOENFONDS VOOR DE MEDIA PNO,0.174219580183361,20,15566.65,salesforce,7,3
BOSTON FAMILY OFFICE LLC,0.13940620639848575,20,37689.35,amazon,6,4
BOSTON FAMILY OFFICE LLC,0.14389997067114849,20,62340.95,apple,11,4
BOSTON FAMILY OFFICE LLC,0.09884586682933955,20,43675.35,microsoft,10,4
BOSTON FAMILY OFFICE LLC,0.18301223267880773,20,17161.55,salesforce,7,4
BOSTON RESEARCH & MANAGEMENT INC,0.19397378437560472,20,9879.2,apple,11,2
BOSTON RESEARCH & MANAGEMENT INC,0.15628921288023176,20,15587.35,microsoft,10,2
"BROWN, LISLE/CUMMINGS, INC.",0.17911071129475217,13,5489761.538461538,amazon,6,6
"BROWN, LISLE/CUMMINGS, INC.",0.1526339084002016,13,7976141.615384615,apple,11,6
"BROWN, LISLE/CUMMINGS, INC.",0.19707245736493273,13,776115.1538461539,asml,3,6
"BROWN, LISLE/CUMMINGS, INC.",0.14608497298597775,13,7805037.230769231,microsoft,10,6
"BROWN, LISLE/CUMMINGS, INC.",0.1961223684906993,13,1420185.1538461538,palo_alto,14,6
"BROWN, LISLE/CUMMINGS, INC.",0.17841872115212218,13,1109712.1538461538,salesforce,7,6
Baldrige Asset Management LLC,0.15132062898910287,13,8273.615384615385,apple,11,2
Baldrige Asset Management LLC,0.11725175591635843,13,1892.5384615384614,microsoft,10,2
"Banco de Sabadell, S.A",0.1238911798603171,20,5655.15,microsoft,10,1
Banque Cantonale Vaudoise,0.19436176946192513,19,38341.73684210526,amazon,6,3
Banque Cantonale Vaudoise,0.17897062145339657,19,65465.42105263158,apple,11,3
Banque Cantonale Vaudoise,0.11840086276214078,19,67515.63157894737,microsoft,10,3
Bartlett & Co. LLC,0.15410062436053004,16,280957.6875,apple,11,2
Bartlett & Co. LLC,0.11355912595483116,16,265152.0625,microsoft,10,2
Baskin Financial Services Inc.,0.18671887097126869,20,56219.0,microsoft,10,1
Beaton Management Co. Inc.,0.19562689886872597,20,4005.8,amazon,6,3
Beaton Management Co. Inc.,0.1824747309085587,13,3124.0,meta,5,3
Beaton Management Co. Inc.,0.17788725472039726,20,5575.05,microsoft,10,3
"Bensler, LLC",0.16189357026072518,13,8268775.307692308,amazon,6,3
"Bensler, LLC",0.1512285220499794,13,22448536.384615384,apple,11,3
"Bensler, LLC",0.159398286513578,13,29635458.923076924,microsoft,10,3
Biechele Royce Advisors,0.1500055119219213,19,17802.684210526317,apple,11,1
"Blue Edge Capital, LLC",0.16922763199847424,20,7827222.6,amazon,6,1
Border to Coast Pensions Partnership Ltd,0.1777700534248756,15,48057848.46666667,microsoft,10,1
"Boston Standard Wealth Management, LLC",0.10680193001868661,18,589722.2222222222,microsoft,10,1
Brendel Financial Advisors LLC,0.1067721469797635,14,3304.0,microsoft,10,1
"Briaud Financial Planning, Inc",0.17760655078333243,17,311.6470588235294,microsoft,10,1
"Bull Street Advisors, LLC",0.13918046285743582,20,6533.6,apple,11,2
"Bull Street Advisors, LLC",0.09695153206889659,20,5860.95,microsoft,10,2
"Bulltick Wealth Management, LLC",0.1693405700467992,17,12846857.588235294,apple,11,2
"Bulltick Wealth Management, LLC",0.14170591545415873,17,13444853.588235294,microsoft,10,2
"Burns Matteson Capital Management, LLC",0.1434191621992238,17,2346629.117647059,microsoft,10,1
CAZ INVESTMENTS LP,0.1284900962267276,15,838.0,amazon,6,1
CHARTIST INC /CA/,0.10809199404924016,16,899532.625,amazon,6,2
CHARTIST INC /CA/,0.1103312056563545,14,269376.71428571426,microsoft,10,2
CHICKASAW CAPITAL MANAGEMENT LLC,0.14716728724371603,20,3935.65,amazon,6,3
CHICKASAW CAPITAL MANAGEMENT LLC,0.1264921737125518,20,21927.2,apple,11,3
CHICKASAW CAPITAL MANAGEMENT LLC,0.15952979728351638,20,6163.85,microsoft,10,3
CI INVESTMENTS INC.,0.15759131359646703,20,758337.9,amazon,6,2
CI INVESTMENTS INC.,0.12409623891818722,20,1044439.1,microsoft,10,2
"CJM Wealth Advisers, Ltd.",0.1978789119057283,13,1001133.6923076923,amazon,6,3
"CJM Wealth Advisers, Ltd.",0.14499771387497407,13,3432420.0,apple,11,3
"CJM Wealth Advisers, Ltd.",0.10615680857553096,13,1573795.4615384615,microsoft,10,3
CLARET ASSET MANAGEMENT Corp,0.09839214940875095,14,19961.571428571428,microsoft,10,1
"COHEN & STEERS, INC.",0.12352341933673844,20,1803.45,microsoft,10,1
COLONY GROUP LLC,0.18514988141700914,15,122651.73333333334,apple,11,2
COLONY GROUP LLC,0.12880741208966234,15,144741.26666666666,microsoft,10,2
"COMMONWEALTH EQUITY SERVICES, LLC",0.15359269234547587,20,684811.95,amazon,6,4
"COMMONWEALTH EQUITY SERVICES, LLC",0.15863913032269017,20,1896915.25,apple,11,4
"COMMONWEALTH EQUITY SERVICES, LLC",0.12836756897152532,20,958580.15,microsoft,10,4
"COMMONWEALTH EQUITY SERVICES, LLC",0.1861446715453475,20,60320.65,salesforce,7,4
"CONWAY CAPITAL MANAGEMENT, INC.",0.1382650330928292,17,19880514.529411763,amazon,6,3
"CONWAY CAPITAL MANAGEMENT, INC.",0.12455900391483121,17,28499590.88235294,apple,11,3
"CONWAY CAPITAL MANAGEMENT, INC.",0.12067467780404784,17,2943345.294117647,microsoft,10,3
"CSM Advisors, LLC",0.19670889547069734,16,46848.125,apple,11,2
"CSM Advisors, LLC",0.17698014013423885,16,46385.875,microsoft,10,2
"CWM, LLC",0.1959322118334071,19,142182.68421052632,amazon,6,3
"CWM, LLC",0.14509144505748467,19,248060.52631578947,apple,11,3
"CWM, LLC",0.13612334419137861,19,221702.84210526315,microsoft,10,3
"Cambridge Financial Group, Inc.",0.13076979858540824,16,7972553.125,microsoft,10,1
"Cambridge Investment Research Advisors, Inc.",0.1499145416506496,20,315036.75,amazon,6,3
"Cambridge Investment Research Advisors, Inc.",0.11923828595037672,20,336303.4,microsoft,10,3
"Cambridge Investment Research Advisors, Inc.",0.18540456754321602,20,31626.2,salesforce,7,3
Campbell Wealth Management,0.1684891021354602,19,2359.1052631578946,microsoft,10,1
Canal Insurance CO,0.10667460030900004,20,21876.1,microsoft,10,1
"Canton Hathaway, LLC",0.15177668918576356,20,3840.45,amazon,6,3
"Canton Hathaway, LLC",0.16155336774764548,20,5711.75,apple,11,3
"Canton Hathaway, LLC",0.10317450509190303,20,5817.8,microsoft,10,3
"Capital Advisors, Ltd. LLC",0.1803437118512593,20,5489.95,apple,11,2
"Capital Advisors, Ltd. LLC",0.1487472447786011,20,4561.65,microsoft,10,2
"Centerpoint Advisors, LLC",0.1692307692307692,14,3.9285714285714284,asml,3,3
"Centerpoint Advisors, LLC",0.12800743304967152,20,6484.05,microsoft,10,3
"Centerpoint Advisors, LLC",0.16944444444444443,13,3.5384615384615383,salesforce,7,3
"Centre Asset Management, LLC",0.1401090883052104,20,20853.0,microsoft,10,1
"Citadel Investment Advisory, Inc.",0.12485388904947772,17,270.88235294117646,apple,11,3
"Citadel Investment Advisory, Inc.",0.14684486967263433,17,4178.411764705882,meta,5,3
"Citadel Investment Advisory, Inc.",0.11549431351846956,17,4954.588235294118,microsoft,10,3
"Cito Capital Group, LLC",0.15900193946546262,16,47672.9375,apple,11,2
"Cito Capital Group, LLC",0.13952849111202156,16,6317.5625,microsoft,10,2
Clare Market Investments LLC,0.1512363121702508,20,36030410.2,amazon,6,3
Clare Market Investments LLC,0.17179675076804787,20,44320827.05,apple,11,3
Clare Market Investments LLC,0.1369032813687854,20,27444379.5,microsoft,10,3
Close Asset Management Ltd,0.18346605151164114,20,39110.7,apple,11,3
Close Asset Management Ltd,0.16125390033946355,13,16815.46153846154,meta,5,3
Close Asset Management Ltd,0.1254472658285633,20,254980.15,microsoft,10,3
"Colorado Capital Management, Inc.",0.14942953716607973,20,5744.6,apple,11,2
"Colorado Capital Management, Inc.",0.1387844935767952,20,994.5,microsoft,10,2
"Community Bank & Trust, Waco, Texas",0.1355159558221125,20,7736.1,amazon,6,3
"Community Bank & Trust, Waco, Texas",0.1567891010731917,20,37112.6,apple,11,3
"Community Bank & Trust, Waco, Texas",0.13624289066152923,20,13572.5,microsoft,10,3
Consolidated Investment Group LLC,0.15882739419041778,20,7122.75,amazon,6,4
Consolidated Investment Group LLC,0.12709146814265926,20,14219.6,apple,11,4
Consolidated Investment Group LLC,0.19746435230059392,20,7779.75,microsoft,10,4
Consolidated Investment Group LLC,0.17451016860192498,20,9877.8,palo_alto,14,4
Cordatus Wealth Management LLC,0.14651161203689766,13,13274.461538461539,microsoft,10,1
"Cornerstone Management, Inc.",0.15031649714795706,16,257256.5625,apple,11,2
"Cornerstone Management, Inc.",0.1082157298204068,13,212845.38461538462,microsoft,10,2
"Corrigan Financial, Inc.",0.1697278090148275,18,810553.6111111111,amazon,6,2
"Corrigan Financial, Inc.",0.13687910299155542,14,6074618.857142857,apple,11,2
"Crossmark Global Holdings, Inc.",0.14180412789154165,20,81239.05,amazon,6,4
"Crossmark Global Holdings, Inc.",0.15983082044633487,20,16546.75,asml,3,4
"Crossmark Global Holdings, Inc.",0.10328316043154556,20,138308.4,microsoft,10,4
"Crossmark Global Holdings, Inc.",0.11291121185426777,13,293.7692307692308,snowflake,9,4
DELTA CAPITAL MANAGEMENT LLC,0.184841862140705,20,2985.3,microsoft,10,1
DEROY & DEVEREAUX PRIVATE INVESTMENT COUNSEL INC,0.18479308541311773,20,1980.8,amazon,6,3
DEROY & DEVEREAUX PRIVATE INVESTMENT COUNSEL INC,0.12959368734755777,20,21907.8,apple,11,3
DEROY & DEVEREAUX PRIVATE INVESTMENT COUNSEL INC,0.1871881726790157,13,458.9230769230769,palo_alto,14,3
Dixon Mitchell Investment Counsel Inc.,0.1582026466441026,20,46085431.8,apple,11,2
Dixon Mitchell Investment Counsel Inc.,0.1134272243753724,20,69915688.35,microsoft,10,2
E. Ohman J:or Asset Management AB,0.13453876958093824,20,228198347.1,microsoft,10,1
EADS & HEALD WEALTH MANAGEMENT,0.113861686366226,20,3005.1,amazon,6,2
EADS & HEALD WEALTH MANAGEMENT,0.08480004346546681,20,2799.2,microsoft,10,2
EVERENCE CAPITAL MANAGEMENT INC,0.14365504639017124,20,32309.8,amazon,6,2
EVERENCE CAPITAL MANAGEMENT INC,0.12547942645198956,20,58851.0,microsoft,10,2
"Eagle Capital Management, LLC",0.13229399854358306,20,7178.9,amazon,6,3
"Eagle Capital Management, LLC",0.1461825508540303,20,9670.2,apple,11,3
"Eagle Capital Management, LLC",0.09566570129645088,20,8010.45,microsoft,10,3
"Eldridge Investment Advisors, Inc.",0.15047951091227163,20,3834.25,apple,11,2
"Eldridge Investment Advisors, Inc.",0.11946052143570825,20,2041.95,microsoft,10,2
"Endurance Wealth Management, Inc.",0.1644976126425338,14,32645.071428571428,apple,11,2
"Endurance Wealth Management, Inc.",0.12700673416647307,14,8778.42857142857,microsoft,10,2
Envoi LLC,0.15566165882602165,13,762461.0769230769,apple,11,1
Erste Asset Management GmbH,0.131148414831292,20,204476841.6,microsoft,10,1
Estabrook Capital Management,0.1980031843478907,13,246570.07692307694,advanced_micro,8,2
Estabrook Capital Management,0.17195607454274292,20,65391822.15,microsoft,10,2
"Evolution Advisers, Inc.",0.14822508948761934,13,121.76923076923077,microsoft,10,1
"F&V Capital Management, LLC",0.14344920093188987,17,625.6470588235294,amazon,6,2
"F&V Capital Management, LLC",0.1862556114838441,20,672.8,apple,11,2
"FINANCIAL ADVISORY PARTNERS, LLC",0.12852467796032885,13,5067935.384615385,apple,11,2
"FINANCIAL ADVISORY PARTNERS, LLC",0.0822729822948811,13,5137049.538461538,microsoft,10,2
FIRST WILSHIRE SECURITIES MANAGEMENT INC,0.11994784027211065,15,513.5333333333333,meta,5,2
FIRST WILSHIRE SECURITIES MANAGEMENT INC,0.106865813029846,20,1170.9,microsoft,10,2
FOSTER & MOTLEY INC,0.08927413611994414,20,20822.45,microsoft,10,1
FRONT BARNETT ASSOCIATES LLC,0.14693490051608207,15,31092.2,amazon,6,3
FRONT BARNETT ASSOCIATES LLC,0.11600855156278769,15,19442.6,microsoft,10,3
FRONT BARNETT ASSOCIATES LLC,0.17398491507863567,15,17234.666666666668,salesforce,7,3
Farmers & Merchants Trust Co of Chambersburg PA,0.1495279727628849,20,2392.35,amazon,6,3
Farmers & Merchants Trust Co of Chambersburg PA,0.15197398513364513,20,3527.05,apple,11,3
Farmers & Merchants Trust Co of Chambersburg PA,0.11683899737707941,20,5497.3,microsoft,10,3
Farmers National Bank,0.12293175984039799,14,970960.1428571428,amazon,6,1
"Financial & Tax Architects, LLC",0.19194920267588256,16,933582.75,meta,5,2
"Financial & Tax Architects, LLC",0.1644058061886167,16,1644963.75,microsoft,10,2
"Financial Connections Group, Inc.",0.19098146868833768,13,238.46153846153845,amazon,6,3
"Financial Connections Group, Inc.",0.17640955888286594,13,4267.846153846154,apple,11,3
"Financial Connections Group, Inc.",0.16846435085148695,13,91.07692307692308,salesforce,7,3
"First Fiduciary Investment Counsel, Inc.",0.1470402972902314,20,845.8,apple,11,2
"First Fiduciary Investment Counsel, Inc.",0.09253667078317097,20,32410.7,microsoft,10,2
First PREMIER Bank,0.18468298020865426,20,1315.7,amazon,6,2
First PREMIER Bank,0.12006519504669097,20,4233.2,microsoft,10,2
"Focus Financial Network, Inc.",0.16155017933585616,19,19188889.157894738,microsoft,10,1
"Frisch Financial Group, Inc.",0.1650247386361201,19,4834.684210526316,amazon,6,3
"Frisch Financial Group, Inc.",0.14892378854482521,19,16328.105263157895,apple,11,3
"Frisch Financial Group, Inc.",0.17194864635997872,20,8666.4,microsoft,10,3
"Front Street Capital Management, Inc.",0.14948397084276246,19,362.1578947368421,amazon,6,2
"Front Street Capital Management, Inc.",0.14328191811606014,20,3819.6,microsoft,10,2
Fruth Investment Management,0.14151240471977872,20,5724.4,apple,11,2
Fruth Investment Management,0.10556551969744594,20,6771.8,microsoft,10,2
GFI Investment Counsel Ltd.,0.15511783611757748,20,70494.3,apple,11,2
GFI Investment Counsel Ltd.,0.128756374508373,20,70811.25,microsoft,10,2
GROESBECK INVESTMENT MANAGEMENT CORP /NJ/,0.1253582397770447,19,342.2631578947368,amazon,6,2
GROESBECK INVESTMENT MANAGEMENT CORP /NJ/,0.13040372009979861,20,2197.75,microsoft,10,2
Gifford Fong Associates,0.19281775953763133,20,7814.8,advanced_micro,8,4
Gifford Fong Associates,0.12494188036102635,20,26058.8,amazon,6,4
Gifford Fong Associates,0.1704392298052067,20,29044.45,apple,11,4
Gifford Fong Associates,0.13948958903722175,20,19334.9,microsoft,10,4
"Glen Eagle Advisors, LLC",0.17427393092709162,20,7246270.35,amazon,6,3
"Glen Eagle Advisors, LLC",0.18280409135998976,20,10990171.8,apple,11,3
"Glen Eagle Advisors, LLC",0.12467841975125493,20,16959683.0,microsoft,10,3
"Global Financial Private Client, LLC",0.16483040095968018,20,946176.95,amazon,6,3
"Global Financial Private Client, LLC",0.1487574757021342,20,9401271.65,apple,11,3
"Global Financial Private Client, LLC",0.10252197126501901,20,4369031.25,microsoft,10,3
Grandview Asset Management LLC,0.1686664167317984,17,15327.35294117647,apple,11,2
Grandview Asset Management LLC,0.1559697572328972,19,2315.3684210526317,salesforce,7,2
Grassi Investment Management,0.15776236538462488,20,52297.1,microsoft,10,1
Greenwich Wealth Management LLC,0.1944979022919864,20,42088.6,apple,11,3
Greenwich Wealth Management LLC,0.18901448782373564,20,16207.05,microsoft,10,3
Greenwich Wealth Management LLC,0.19772833498045767,15,381.3333333333333,tesla,13,3
Gulf International Bank (UK) Ltd,0.18907213078786933,20,20680.95,advanced_micro,8,4
Gulf International Bank (UK) Ltd,0.12824329431821227,20,198764.9,amazon,6,4
Gulf International Bank (UK) Ltd,0.08546468144200882,20,305777.05,microsoft,10,4
Gulf International Bank (UK) Ltd,0.18216997917525807,20,32147.3,salesforce,7,4
HALL LAURIE J TRUSTEE,0.1713913921556377,18,560.8333333333334,amazon,6,3
HALL LAURIE J TRUSTEE,0.11476863249571835,18,10475.833333333334,microsoft,10,3
HALL LAURIE J TRUSTEE,0.16471905971226056,18,105.72222222222223,palo_alto,14,3
"HANTZ FINANCIAL SERVICES, INC.",0.1699814248464226,20,57469.45,apple,11,2
"HANTZ FINANCIAL SERVICES, INC.",0.12674269263554366,20,90344.0,microsoft,10,2
HBW Advisory Services LLC,0.1650969733807717,13,2726.0,amazon,6,3
HBW Advisory Services LLC,0.1843963312400057,14,7166.357142857143,apple,11,3
HBW Advisory Services LLC,0.17425263420284273,14,6154.785714285715,microsoft,10,3
HENDLEY & CO INC,0.1409046833940819,20,16066.35,apple,11,2
HENDLEY & CO INC,0.1238309549196816,20,17349.35,microsoft,10,2
HERITAGE INVESTORS MANAGEMENT CORP,0.14888105471353555,20,42240.75,amazon,6,5
HERITAGE INVESTORS MANAGEMENT CORP,0.13412865685887082,20,127906.05,apple,11,5
HERITAGE INVESTORS MANAGEMENT CORP,0.1006709517018235,20,96525.5,microsoft,10,5
HERITAGE INVESTORS MANAGEMENT CORP,0.1797700442648536,20,60825.2,palo_alto,14,5
HERITAGE INVESTORS MANAGEMENT CORP,0.15516789517107665,20,34032.0,salesforce,7,5
HGK ASSET MANAGEMENT INC,0.12595023352423435,15,2138.0,apple,11,1
HUNTER ASSOCIATES INVESTMENT MANAGEMENT LLC,0.17842514496411463,20,31680.25,microsoft,10,1
Handelsbanken Fonder AB,0.19559288864171565,19,54344.94736842105,advanced_micro,8,1
Hanson & Doremus Investment Management,0.14965914496058116,20,5325.5,apple,11,3
Hanson & Doremus Investment Management,0.11749626245350205,20,12520.1,microsoft,10,3
Hanson & Doremus Investment Management,0.17602253299243853,20,117.35,salesforce,7,3
Hayek Kallen Investment Management,0.14210755194292693,20,2863.35,amazon,6,3
Hayek Kallen Investment Management,0.14835988217200544,20,23932.85,apple,11,3
Hayek Kallen Investment Management,0.10664609142372265,20,20287.75,microsoft,10,3
Hemington Wealth Management,0.18110236826061768,17,2055.8823529411766,amazon,6,3
Hemington Wealth Management,0.1870443961517293,17,24388.529411764706,apple,11,3
Hemington Wealth Management,0.16151110251087764,17,4444.411764705882,microsoft,10,3
"High Probability Advisors, LLC",0.1796854433936918,17,689811.1764705882,apple,11,1
"Horrell Capital Management, Inc.",0.1429995019211346,20,1401.5,apple,11,2
"Horrell Capital Management, Inc.",0.10356907128238699,20,678.1,microsoft,10,2
Hudson Canyon Capital Management,0.12559241644789393,17,3974233.0588235296,amazon,6,4
Hudson Canyon Capital Management,0.1140676456288289,17,7800891.529411765,apple,11,4
Hudson Canyon Capital Management,0.08880014934118022,17,6710786.94117647,microsoft,10,4
Hudson Canyon Capital Management,0.163525451918378,15,1844862.0,salesforce,7,4
"Hunter Perkins Capital Management, LLC",0.1741174133565158,18,4611.833333333333,apple,11,1
Ilmarinen Mutual Pension Insurance Co,0.16946396731044439,20,198609.6,microsoft,10,1
"Independent Solutions Wealth Management, LLC",0.16276992244982907,20,11050375.7,apple,11,2
"Independent Solutions Wealth Management, LLC",0.1694272016789221,20,7231666.5,microsoft,10,2
Intermede Investment Partners Ltd,0.1511117020655257,17,193544.29411764705,amazon,6,1
"Iyo Bank, Ltd.",0.166773293124071,13,10145.846153846154,amazon,6,4
"Iyo Bank, Ltd.",0.12586399671750567,13,12030.76923076923,apple,11,4
"Iyo Bank, Ltd.",0.10288468298201521,13,21758.0,microsoft,10,4
"Iyo Bank, Ltd.",0.17275808179858018,13,9882.538461538461,salesforce,7,4
JACOBS & CO/CA,0.12805144197273902,20,23292.5,amazon,6,3
JACOBS & CO/CA,0.1331245925170473,20,45994.15,apple,11,3
JACOBS & CO/CA,0.09855099432462985,20,30578.4,microsoft,10,3
JTC Employer Solutions Trustee Ltd,0.12766712431673913,14,17831.785714285714,apple,11,1
Janney Capital Management LLC,0.09598401940128165,20,35170.6,microsoft,10,1
Janney Montgomery Scott LLC,0.1993432854966549,13,337808.46153846156,amazon,6,2
Janney Montgomery Scott LLC,0.1874537868225358,13,763359.6153846154,apple,11,2
"Jarislowsky, Fraser Ltd",0.1670749868148423,15,10088.066666666668,apple,11,2
"Jarislowsky, Fraser Ltd",0.1037439003836703,15,526995.1333333333,microsoft,10,2
"Kaydan Wealth Management, Inc.",0.12787483750485976,13,2271394.4615384615,apple,11,2
"Kaydan Wealth Management, Inc.",0.10511485241218643,13,1749474.6923076923,microsoft,10,2
KilterHowling LLC,0.17579801815307658,13,869750.1538461539,amazon,6,3
KilterHowling LLC,0.12732857343790094,13,2789412.0,apple,11,3
KilterHowling LLC,0.12403347292403015,13,751759.5384615385,microsoft,10,3
King Wealth,0.15969699062878928,15,17350.533333333333,apple,11,2
King Wealth,0.11504426339531545,15,21760.6,microsoft,10,2
LATHROP INVESTMENT MANAGEMENT CORP,0.09635074607424837,19,23397.42105263158,microsoft,10,1
LEDERER & ASSOCIATES INVESTMENT COUNSEL/CA,0.18393335679844167,16,251926.125,amazon,6,3
LEDERER & ASSOCIATES INVESTMENT COUNSEL/CA,0.17539656708487988,16,596524.25,apple,11,3
LEDERER & ASSOCIATES INVESTMENT COUNSEL/CA,0.1607136446555567,16,519035.9375,microsoft,10,3
LINCLUDEN MANAGEMENT LTD,0.10439865325819578,19,6108.8421052631575,microsoft,10,1
LVM CAPITAL MANAGEMENT LTD/MI,0.14171077469415252,20,685.35,amazon,6,2
LVM CAPITAL MANAGEMENT LTD/MI,0.10265835654511737,20,54998.2,microsoft,10,2
Lakehouse Capital Pty Ltd,0.1846409114561331,17,16781.70588235294,amazon,6,1
"Legacy Wealth Management, LLC / MS",0.16391304677721666,20,11009838.1,apple,11,3
"Legacy Wealth Management, LLC / MS",0.12383552669619684,20,12550563.1,microsoft,10,3
"Legacy Wealth Management, LLC / MS",0.1957076224649,20,3827663.1,palo_alto,14,3
Lesa Sroufe & Co,0.14859639663367152,18,480.5,amazon,6,2
Lesa Sroufe & Co,0.12023288632068266,18,7998.0,microsoft,10,2
Lester Murray Antman dba SimplyRich,0.14064393543226775,20,1673.95,amazon,6,4
Lester Murray Antman dba SimplyRich,0.148884672914204,20,17571.4,apple,11,4
Lester Murray Antman dba SimplyRich,0.19161715188397624,20,1237.55,asml,3,4
Lester Murray Antman dba SimplyRich,0.10752622771453842,20,7947.9,microsoft,10,4
Liontrust Investment Partners LLP,0.10819682038991936,15,62201311.86666667,amazon,6,1
Lipe & Dalton,0.13106223206377465,20,13480.95,apple,11,2
Lipe & Dalton,0.09828112471385549,20,2217.35,microsoft,10,2
"Long Road Investment Counsel, LLC",0.10882832013724313,20,924.55,microsoft,10,1
Lumina Fund Management LLC,0.1820564998952121,15,7586.866666666667,apple,11,1
MCDANIEL TERRY & CO,0.09714122751176911,20,92366.3,microsoft,10,1
MENLO ADVISORS LLC,0.14909232516773885,20,9333.0,apple,11,2
MENLO ADVISORS LLC,0.0944638702231713,20,9051.0,microsoft,10,2
MOUNT VERNON ASSOCIATES INC /MD/,0.12868144987651858,20,6968.55,amazon,6,3
MOUNT VERNON ASSOCIATES INC /MD/,0.12757581242879223,20,12062.15,apple,11,3
MOUNT VERNON ASSOCIATES INC /MD/,0.11792672277068628,20,7036.2,microsoft,10,3
MSH Capital Advisors LLC,0.15578546401545937,13,2000628.6923076923,amazon,6,3
MSH Capital Advisors LLC,0.15282890860797946,13,7910573.384615385,apple,11,3
MSH Capital Advisors LLC,0.09934628945998132,13,5712593.461538462,microsoft,10,3
Marotta Asset Management,0.1697271290670237,19,1361286.4736842106,microsoft,10,1
Martel Wealth Advisors Inc,0.12182270627028075,17,431357.64705882355,apple,11,1
"Martin Capital Partners, LLC",0.15590436139671113,20,5302.3,microsoft,10,1
"Mason Investment Advisory Services, Inc.",0.1783184215894425,20,1233142.85,apple,11,1
"Mathes Company, Inc.",0.15502712605899138,19,9394.526315789473,amazon,6,3
"Mathes Company, Inc.",0.1446228400380732,19,12284.21052631579,apple,11,3
"Mathes Company, Inc.",0.1267954311607,19,5989.9473684210525,microsoft,10,3
"McCarthy Grittinger Financial Group, LLC",0.19747052780655608,15,32352.8,advanced_micro,8,3
"McCarthy Grittinger Financial Group, LLC",0.15701358774457846,19,229660.05263157896,apple,11,3
"McCarthy Grittinger Financial Group, LLC",0.15554455295391031,15,36787.0,salesforce,7,3
Meridian Financial Partners LLC,0.17258002271450537,14,2481.3571428571427,amazon,6,4
Meridian Financial Partners LLC,0.16069457225047254,14,5235.214285714285,apple,11,4
Meridian Financial Partners LLC,0.1336430494816291,13,4083.923076923077,microsoft,10,4
Meridian Financial Partners LLC,0.17432165937008418,17,752.6470588235294,salesforce,7,4
"Meridian Financial, LLC",0.16502324747302718,13,756795.3076923077,amazon,6,3
"Meridian Financial, LLC",0.1441341914608881,13,1611937.2307692308,apple,11,3
"Meridian Financial, LLC",0.12019153610259936,13,2450167.4615384615,microsoft,10,3
Mn Services Vermogensbeheer B.V.,0.1862903945081213,15,133229.4,salesforce,7,1
Morton Capital Management LLC/CA,0.15295887224022084,13,2425805.6153846155,amazon,6,3
Morton Capital Management LLC/CA,0.11862167487939712,13,12521351.307692308,apple,11,3
Morton Capital Management LLC/CA,0.10662927595467257,13,14406986.538461538,microsoft,10,3
NEVILLE RODIE & SHAW INC,0.1429566578472148,20,109678.5,apple,11,2
NEVILLE RODIE & SHAW INC,0.10917346313403856,20,54676.9,microsoft,10,2
NEW YORK STATE TEACHERS RETIREMENT SYSTEM,0.1310033960183338,20,1509794.65,amazon,6,4
NEW YORK STATE TEACHERS RETIREMENT SYSTEM,0.13309778732793642,20,2724035.65,apple,11,4
NEW YORK STATE TEACHERS RETIREMENT SYSTEM,0.09522077515943468,20,2547421.55,microsoft,10,4
NEW YORK STATE TEACHERS RETIREMENT SYSTEM,0.16285231862221422,20,242456.1,salesforce,7,4
"NFP Retirement, Inc.",0.1596834866471103,14,351028.0,shopify,12,1
NKCFO LLC,0.12784324049446733,20,15997.3,amazon,6,3
NKCFO LLC,0.13172427929249084,17,9369.470588235294,apple,11,3
NKCFO LLC,0.12017814352204603,20,13075.75,microsoft,10,3
NORTHSTAR ASSET MANAGEMENT INC,0.19446396370278446,16,19139158.75,apple,11,1
"Narus Financial Partners, LLC",0.18495544742128608,13,1078321.0,amazon,6,3
"Narus Financial Partners, LLC",0.14558492141044396,13,3432444.230769231,apple,11,3
"Narus Financial Partners, LLC",0.19086534083007903,13,876548.0,microsoft,10,3
"New England Research & Management, Inc.",0.0853702585427955,20,4259.75,microsoft,10,1
"Nicollet Investment Management, Inc.",0.13718438758507298,20,17471.8,amazon,6,3
"Nicollet Investment Management, Inc.",0.10120218100813169,20,18501.7,microsoft,10,3
"Nicollet Investment Management, Inc.",0.1814678051637876,20,3175.7,palo_alto,14,3
"Norman Fields, Gottscho Capital Management, LLC",0.146005217653506,20,7079.05,amazon,6,3
"Norman Fields, Gottscho Capital Management, LLC",0.153407246416685,20,25198.6,apple,11,3
"Norman Fields, Gottscho Capital Management, LLC",0.1382323156149308,20,918.35,microsoft,10,3
North Growth Management Ltd.,0.09141657301249446,20,8923.85,microsoft,10,1
"Old North State Wealth Management, LLC",0.1396429146090167,13,5370980.153846154,amazon,6,2
"Old North State Wealth Management, LLC",0.1155151209106517,13,2189349.3076923075,microsoft,10,2
"Olstein Capital Management, L.P.",0.1810380164937449,20,4762.4,microsoft,10,1
OneAscent Wealth Management LLC,0.12240844452937817,14,2998.5,apple,11,1
"Opus Capital Group, LLC",0.14587682463127274,14,266.35714285714283,advanced_micro,8,3
"Opus Capital Group, LLC",0.15750446344848945,20,2801.5,apple,11,3
"Opus Capital Group, LLC",0.14116798895491298,20,1006.35,microsoft,10,3
PENOBSCOT WEALTH MANAGEMENT,0.16547453365433065,15,418.6666666666667,amazon,6,2
PENOBSCOT WEALTH MANAGEMENT,0.14837524447007625,15,2100.2,microsoft,10,2
"PFS Partners, LLC",0.13082667562852576,13,1675042.1538461538,apple,11,3
"PFS Partners, LLC",0.11627597783481507,13,583339.0,microsoft,10,3
"PFS Partners, LLC",0.15261430964890013,13,36629.0,palo_alto,14,3
PHILADELPHIA TRUST CO,0.18601116040391388,20,21641.7,amazon,6,3
PHILADELPHIA TRUST CO,0.16987731861755964,20,59619.25,apple,11,3
PHILADELPHIA TRUST CO,0.09823948789509944,20,55092.2,microsoft,10,3
"PHYSICIANS FINANCIAL SERVICES, INC.",0.1408230507338483,20,13535.0,amazon,6,2
"PHYSICIANS FINANCIAL SERVICES, INC.",0.11294826852968166,20,12794.25,microsoft,10,2
PIN OAK INVESTMENT ADVISORS INC,0.17786721374157596,20,1627.8,microsoft,10,1
PROFESSIONAL ADVISORY SERVICES INC,0.1432121200830488,20,18958.65,amazon,6,2
PROFESSIONAL ADVISORY SERVICES INC,0.09439114390434358,20,28154.25,microsoft,10,2
PUBLIC EMPLOYEES RETIREMENT ASSOCIATION OF COLORADO,0.1823070282614376,20,977791.1,amazon,6,3
PUBLIC EMPLOYEES RETIREMENT ASSOCIATION OF COLORADO,0.1845427469379819,20,1532155.05,apple,11,3
PUBLIC EMPLOYEES RETIREMENT ASSOCIATION OF COLORADO,0.15328999953252678,20,1347248.1,microsoft,10,3
"Palisades Hudson Asset Management, L.P.",0.1038669879327329,20,908.25,microsoft,10,1
Pensionfund Sabic,0.17068384657964444,20,15190.9,apple,11,2
Pensionfund Sabic,0.1368908928553015,20,12853.9,microsoft,10,2
"Plotkin Financial Advisors, LLC",0.1287319140412767,19,4844600.052631579,apple,11,2
"Plotkin Financial Advisors, LLC",0.151999353885386,19,553646.052631579,microsoft,10,2
"R. W. Roge & Company, Inc.",0.17551084254775012,18,340.6111111111111,amazon,6,2
"R. W. Roge & Company, Inc.",0.11084788309206324,20,1090.0,microsoft,10,2
REAVES W H & CO INC,0.14991433106135113,20,755.7,apple,11,1
ROANOKE ASSET MANAGEMENT CORP/ NY,0.1687060825999365,20,5248.85,amazon,6,3
ROANOKE ASSET MANAGEMENT CORP/ NY,0.18049983880548473,20,3604.2,apple,11,3
ROANOKE ASSET MANAGEMENT CORP/ NY,0.11127042547734672,20,8920.5,microsoft,10,3
ROVIN CAPITAL /UT/ /ADV,0.16472715516103234,15,3680.6666666666665,apple,11,1
ROWLAND & CO INVESTMENT COUNSEL/ADV,0.17679496253347388,14,12425199.42857143,microsoft,10,1
"Radnor Capital Management, LLC",0.16947035591505955,17,10092.823529411764,microsoft,10,1
Ratio Wealth Group,0.19639264174202084,13,1591060.6923076923,apple,11,1
Rehmann Capital Advisory Group,0.18866252273752637,20,14812062.5,microsoft,10,1
"Reynders McVeigh Capital Management, LLC",0.14807147276077828,20,24632.2,amazon,6,3
"Reynders McVeigh Capital Management, LLC",0.15189967693487544,20,90765.9,apple,11,3
"Reynders McVeigh Capital Management, LLC",0.11176786235820876,20,56142.95,microsoft,10,3
"Riverview Capital Advisers, LLC",0.13374631476510426,13,18923455.307692308,apple,11,2
"Riverview Capital Advisers, LLC",0.19453638679554094,13,6741143.153846154,microsoft,10,2
"Roble, Belko & Company, Inc",0.1738033108535512,20,484.2,amazon,6,3
"Roble, Belko & Company, Inc",0.129763854837476,20,1175.25,apple,11,3
"Roble, Belko & Company, Inc",0.14984011004819636,20,1726.5,microsoft,10,3
S&CO INC,0.15189302781024425,20,56399.65,apple,11,3
S&CO INC,0.11276443005317058,20,42659.75,microsoft,10,3
S&CO INC,0.17586012677129945,20,660.95,salesforce,7,3
SAYBROOK CAPITAL /NC,0.1629682447909089,13,3640.0,amazon,6,1
SENTRY INVESTMENT MANAGEMENT LLC,0.18934701418465844,20,22732.35,amazon,6,3
SENTRY INVESTMENT MANAGEMENT LLC,0.19189132248825153,20,32678.35,apple,11,3
SENTRY INVESTMENT MANAGEMENT LLC,0.16843211945208506,20,30559.65,microsoft,10,3
SHIKIAR ASSET MANAGEMENT INC,0.12402162466297556,19,23470.684210526317,amazon,6,2
SHIKIAR ASSET MANAGEMENT INC,0.17341678870949837,19,13817.526315789473,microsoft,10,2
SILVERLAKE WEALTH MANAGEMENT LLC,0.17657961975565548,13,1012022.4615384615,amazon,6,4
SILVERLAKE WEALTH MANAGEMENT LLC,0.12172265347591216,13,9660876.076923076,apple,11,4
SILVERLAKE WEALTH MANAGEMENT LLC,0.16938172041509061,13,1241637.5384615385,meta,5,4
SILVERLAKE WEALTH MANAGEMENT LLC,0.11140331511988778,13,14521559.846153846,microsoft,10,4
"SIMPLEX TRADING, LLC",0.19334404791644622,20,1840924.25,microsoft,10,1
SIT INVESTMENT ASSOCIATES INC,0.18322884189636976,20,107845.9,apple,11,2
SIT INVESTMENT ASSOCIATES INC,0.15794621052543595,20,111104.05,microsoft,10,2
SONATA CAPITAL GROUP INC,0.12222569620265956,20,7734.15,amazon,6,3
SONATA CAPITAL GROUP INC,0.14446466012931616,20,7438.7,apple,11,3
SONATA CAPITAL GROUP INC,0.0931822563349358,20,8972.25,microsoft,10,3
"SRN Advisors, LLC",0.12912894276828074,17,3645419.0588235296,microsoft,10,1
STONEBRIDGE CAPITAL MANAGEMENT INC,0.1613850208917385,20,1970.1,amazon,6,2
STONEBRIDGE CAPITAL MANAGEMENT INC,0.10711533044635116,20,17519.45,microsoft,10,2
STONERIDGE INVESTMENT PARTNERS LLC,0.097325848420371,20,14374.9,microsoft,10,1
"Sage Financial Management Group, Inc.",0.16632199137082543,15,699.4,apple,11,2
"Sage Financial Management Group, Inc.",0.18755681885700481,14,523.6428571428571,microsoft,10,2
"Saiph Capital, LLC",0.17748747747124874,13,1133693.7692307692,amazon,6,4
"Saiph Capital, LLC",0.12313033065684702,13,1899667.3076923077,apple,11,4
"Saiph Capital, LLC",0.14593657467719903,13,1111136.0,microsoft,10,4
"Saiph Capital, LLC",0.19928685160330292,13,491616.53846153844,salesforce,7,4
Sara-Bay Financial,0.19809286716662539,19,4553748.52631579,apple,11,1
Schoolcraft Capital LLC,0.18241613221589809,20,608801.65,apple,11,1
"Scott & Selber, Inc.",0.1508317464842983,20,10304.95,amazon,6,3
"Scott & Selber, Inc.",0.17060289512951887,20,9026.4,google,1,3
"Scott & Selber, Inc.",0.17136352349643283,20,15571.85,microsoft,10,3
Sierra Capital LLC,0.14983221591497659,16,7117.625,amazon,6,4
Sierra Capital LLC,0.18588613939498186,13,803.3076923076923,meta,5,4
Sierra Capital LLC,0.1400732969425091,16,4253.5,microsoft,10,4
Sierra Capital LLC,0.14979403257048143,13,680.3076923076923,palo_alto,14,4
Silicon Valley Community Foundation,0.1580939486537689,16,12758740.25,palo_alto,14,1
"Silver Oak Advisory Group, Inc.",0.12879906237924366,13,1486.1538461538462,microsoft,10,1
"SkyView Investment Advisors, LLC",0.1919857747797767,16,4393.375,microsoft,10,1
"SlateStone Wealth, LLC",0.18708948785847787,14,454.0,palo_alto,14,1
Smithfield Trust Co,0.1964907965571937,14,5980.857142857143,amazon,6,1
South Dakota Investment Council,0.15497743139382172,20,92315.4,amazon,6,3
South Dakota Investment Council,0.1463015404877939,20,179341.55,apple,11,3
South Dakota Investment Council,0.10756666479951517,20,199834.1,microsoft,10,3
Southland Equity Partners LLC,0.17293530792590972,17,1992580.8235294118,amazon,6,3
Southland Equity Partners LLC,0.12026717069994858,17,22228925.17647059,apple,11,3
Southland Equity Partners LLC,0.12817775208726,17,2496813.2352941176,microsoft,10,3
"Sowa Financial Group, Inc.",0.16262509574746517,20,337199.05,apple,11,2
"Sowa Financial Group, Inc.",0.16777807905608708,14,108224.71428571429,microsoft,10,2
"State of Alaska, Department of Revenue",0.13762434442194796,20,211415.5,amazon,6,4
"State of Alaska, Department of Revenue",0.13937840592524292,20,381936.75,apple,11,4
"State of Alaska, Department of Revenue",0.09476582665794461,20,361016.7,microsoft,10,4
"State of Alaska, Department of Revenue",0.16806690630252438,20,29684.6,salesforce,7,4
"Stephens Consulting, LLC",0.17640710312862148,13,2486147.5384615385,apple,11,2
"Stephens Consulting, LLC",0.13131582025514524,13,1602076.0,microsoft,10,2
Stolper Co,0.17669115799833499,20,7105.1,microsoft,10,1
"Summit Wealth Partners, LLC",0.16382430568384293,20,936727.2,amazon,6,3
"Summit Wealth Partners, LLC",0.15787080660832195,20,2713251.5,apple,11,3
"Summit Wealth Partners, LLC",0.14355486016337557,20,1851485.15,microsoft,10,3
Sutton Wealth Advisors Inc.,0.16763721737859877,15,16293558.133333333,apple,11,4
Sutton Wealth Advisors Inc.,0.19441219820366365,15,1322262.0,meta,5,4
Sutton Wealth Advisors Inc.,0.14050701024300244,15,5637159.733333333,microsoft,10,4
Sutton Wealth Advisors Inc.,0.19742457606643798,15,221484.53333333333,palo_alto,14,4
"TAGStone Capital, Inc.",0.1659406774810672,13,9331.692307692309,amazon,6,3
"TAGStone Capital, Inc.",0.19706740019180813,13,471.2307692307692,apple,11,3
"TAGStone Capital, Inc.",0.10786484298968568,13,378.61538461538464,microsoft,10,3
TANAKA CAPITAL MANAGEMENT INC,0.15233187115607139,20,1047.8,amazon,6,2
TANAKA CAPITAL MANAGEMENT INC,0.18976332368841803,20,142.35,asml,3,2
TEACHERS RETIREMENT SYSTEM OF THE STATE OF KENTUCKY,0.12571440292792235,19,289276.1052631579,amazon,6,4
TEACHERS RETIREMENT SYSTEM OF THE STATE OF KENTUCKY,0.1320040313834987,19,354096.63157894736,apple,11,4
TEACHERS RETIREMENT SYSTEM OF THE STATE OF KENTUCKY,0.09737808121864003,19,397484.5263157895,microsoft,10,4
TEACHERS RETIREMENT SYSTEM OF THE STATE OF KENTUCKY,0.1453058884408347,19,56343.63157894737,salesforce,7,4
TEALWOOD ASSET MANAGEMENT INC,0.14390031777593537,19,2309.1052631578946,microsoft,10,2
TEALWOOD ASSET MANAGEMENT INC,0.17009938382018483,13,1702.6923076923076,palo_alto,14,2
THOMAS STORY & SON LLC,0.15285341151370127,20,10640.8,apple,11,2
THOMAS STORY & SON LLC,0.11190386981857081,20,476.45,microsoft,10,2
"THOROUGHBRED FINANCIAL SERVICES, LLC",0.17677027571901852,20,20022.55,amazon,6,4
"THOROUGHBRED FINANCIAL SERVICES, LLC",0.17195540632575557,20,46343.5,apple,11,4
"THOROUGHBRED FINANCIAL SERVICES, LLC",0.16162120546464795,20,29052.65,microsoft,10,4
"THOROUGHBRED FINANCIAL SERVICES, LLC",0.19826328707168236,20,3720.5,salesforce,7,4
TOWER BRIDGE ADVISORS,0.14994745925283628,20,58876703.6,apple,11,2
TOWER BRIDGE ADVISORS,0.10033016235613541,20,69016843.9,microsoft,10,2
TRAPHAGEN INVESTMENT ADVISORS LLC,0.18446100064320972,20,1699029.9,amazon,6,4
TRAPHAGEN INVESTMENT ADVISORS LLC,0.15783085684526532,20,13475518.35,apple,11,4
TRAPHAGEN INVESTMENT ADVISORS LLC,0.1844516646810538,20,962645.65,meta,5,4
TRAPHAGEN INVESTMENT ADVISORS LLC,0.13704570882415285,20,2972579.95,microsoft,10,4
TRUST CO OF OKLAHOMA,0.1483822225143284,19,14011746.684210526,apple,11,2
TRUST CO OF OKLAHOMA,0.11160786058613331,19,10263716.315789474,microsoft,10,2
"TSFG, LLC",0.15542711516209545,20,7170.75,amazon,6,3
"TSFG, LLC",0.1589464904373684,20,7963.3,apple,11,3
"TSFG, LLC",0.1122962974480216,20,3034.55,microsoft,10,3
Te Ahumairangi Investment Management Ltd,0.10970247914608476,18,30982.444444444445,apple,11,2
Te Ahumairangi Investment Management Ltd,0.115245264597868,18,37318.055555555555,microsoft,10,2
Thrivent Financial for Lutherans,0.19890469728714924,20,841231.75,microsoft,10,1
Tinicum Inc,0.16012384091903156,16,104750.375,meta,5,1
Tower View Investment Management & Research LLC,0.1121194408859435,13,3646.6923076923076,amazon,6,2
Tower View Investment Management & Research LLC,0.116301975226428,13,4616.692307692308,microsoft,10,2
Treasurer of the State of North Carolina,0.18061761068865181,20,1052361.3,microsoft,10,1
Triple Frond Partners LLC,0.12680479709775402,14,81317.64285714286,amazon,6,2
Triple Frond Partners LLC,0.10881268281846983,18,77645.94444444444,microsoft,10,2
"Triune Financial Partners, LLC",0.11567555890265038,14,324741.64285714284,microsoft,10,1
"USAdvisors Wealth Management, LLC",0.18822524985178465,20,754.8,apple,11,1
"Ulland Investment Advisors, LLC",0.186921062275069,13,4759.076923076923,amazon,6,2
"Ulland Investment Advisors, LLC",0.12811408869433147,13,6646.692307692308,apple,11,2
VALICENTI ADVISORY SERVICES INC,0.1387393777346615,20,22306.2,amazon,6,3
VALICENTI ADVISORY SERVICES INC,0.13867696730922197,20,20606.35,apple,11,3
VALICENTI ADVISORY SERVICES INC,0.1188965150886889,20,14989.1,microsoft,10,3
VALLEY NATIONAL ADVISERS INC,0.1489874452187717,20,5992.45,amazon,6,3
VALLEY NATIONAL ADVISERS INC,0.14686286360840797,20,25862.85,apple,11,3
VALLEY NATIONAL ADVISERS INC,0.11598903289056679,20,17765.6,microsoft,10,3
VAN ECK ASSOCIATES CORP,0.16920903133680948,20,196245.35,amazon,6,3
VAN ECK ASSOCIATES CORP,0.17225285974744817,16,3267.3125,apple,11,3
VAN ECK ASSOCIATES CORP,0.19388787319813433,15,2645.866666666667,palantir,2,3
VAUGHAN DAVID INVESTMENTS LLC/IL,0.12315297277896238,20,5705.25,apple,11,2
VAUGHAN DAVID INVESTMENTS LLC/IL,0.09835447923248367,20,103849.1,microsoft,10,2
Vestcor Inc,0.1554193860330939,20,61120.4,apple,11,2
Vestcor Inc,0.10526167505994058,20,69455.35,microsoft,10,2
"Vigilant Capital Management, LLC",0.15238118681576795,14,35553.642857142855,amazon,6,3
"Vigilant Capital Management, LLC",0.15228844075141248,14,43251.07142857143,apple,11,3
"Vigilant Capital Management, LLC",0.1307956591249211,14,39822.78571428572,microsoft,10,3
"Violich Capital Management, Inc.",0.13406038766414302,20,47997.15,apple,11,2
"Violich Capital Management, Inc.",0.11115008105427987,20,56996.5,microsoft,10,2
"Vishria Bird Financial Group, LLC",0.13786368657528625,20,11356.55,amazon,6,3
"Vishria Bird Financial Group, LLC",0.12922535257652454,20,16996.65,apple,11,3
"Vishria Bird Financial Group, LLC",0.11195798846847145,20,10990.55,microsoft,10,3
WADE G W & INC,0.1937813943716245,16,26085.0,amazon,6,3
WADE G W & INC,0.15491427375248296,16,102975.1875,apple,11,3
WADE G W & INC,0.1449649593786076,16,67853.875,microsoft,10,3
WEDBUSH SECURITIES INC,0.16663778651089003,20,57394.15,amazon,6,4
WEDBUSH SECURITIES INC,0.16035307080041009,20,143682.55,apple,11,4
WEDBUSH SECURITIES INC,0.1280481196797582,20,59276.65,microsoft,10,4
WEDBUSH SECURITIES INC,0.19188178743604586,20,7202.5,salesforce,7,4
WELCH CAPITAL PARTNERS LLC/NY,0.18871405850321318,20,764.4,microsoft,10,1
WEST PACES ADVISORS INC.,0.15567127527542138,20,1172439.05,amazon,6,4
WEST PACES ADVISORS INC.,0.12702509014656913,20,4963130.55,apple,11,4
WEST PACES ADVISORS INC.,0.19756292282361662,20,137592.8,asml,3,4
WEST PACES ADVISORS INC.,0.10213516317119424,20,3294817.5,microsoft,10,4
WESTWOOD MANAGEMENT CORP /IL/,0.16397908332998143,16,84569.5625,amazon,6,2
WESTWOOD MANAGEMENT CORP /IL/,0.14860320902410662,16,94528.0,microsoft,10,2
WFA Asset Management Corp,0.19161966003321318,13,8067950.692307692,apple,11,1
WINSLOW ASSET MANAGEMENT INC,0.12433045421874561,20,782.1,amazon,6,2
WINSLOW ASSET MANAGEMENT INC,0.10828960721699028,20,1031.45,microsoft,10,2
"Wallington Asset Management, LLC",0.15292771420624593,20,14097.5,amazon,6,3
"Wallington Asset Management, LLC",0.16807422628582339,20,21513.1,apple,11,3
"Wallington Asset Management, LLC",0.11452487955024968,20,28445.85,microsoft,10,3
"Wayfinding Financial, LLC",0.09921915534647259,13,17580.923076923078,microsoft,10,1
"Weinberger Asset Management, Inc",0.18349525924461693,13,1766499.076923077,apple,11,1
"Werlinich Asset Management, LLC",0.18708594192967568,16,5125382.5625,advanced_micro,8,3
"Werlinich Asset Management, LLC",0.1220880644782536,16,2898216.25,apple,11,3
"Werlinich Asset Management, LLC",0.11211613400857993,16,5171121.5625,microsoft,10,3
Wesleyan Assurance Society,0.15461719745729516,20,42817.55,apple,11,2
Wesleyan Assurance Society,0.11587263501938576,20,69805.0,microsoft,10,2
"Westbourne Investment Advisors, Inc.",0.1438272715854635,19,17075.42105263158,apple,11,3
"Westbourne Investment Advisors, Inc.",0.19593880250526016,13,9989.538461538461,meta,5,3
"Westbourne Investment Advisors, Inc.",0.110316996181116,20,14629.5,microsoft,10,3
"Wharton Business Group, LLC",0.15604662268297234,19,6351.263157894737,microsoft,10,1
"Whetstone Capital Advisors, LLC",0.1617700191842184,20,23982.35,amazon,6,1
White Pine Investment CO,0.14356449460585488,20,7643.3,apple,11,3
White Pine Investment CO,0.15236641126042746,14,5986.0,meta,5,3
White Pine Investment CO,0.08869891713294537,20,10142.95,microsoft,10,3
Windsor Group LTD,0.19639074803359036,14,3103.285714285714,amazon,6,2
Windsor Group LTD,0.16724509560784448,14,5632.928571428572,microsoft,10,2
Wolff Financial Management LLC,0.15977577698414586,17,3011.4117647058824,apple,11,3
Wolff Financial Management LLC,0.18136707422330275,13,1448.6923076923076,meta,5,3
Wolff Financial Management LLC,0.13118396449348219,16,1942.125,microsoft,10,3
ZEVIN ASSET MANAGEMENT LLC,0.15501069583551166,20,14593.9,amazon,6,1
