Date,Close/Last,Volume,Open,High,Low
06/30/2025,$204.64,4350789,$201.24,$204.91,$201.02
06/27/2025,$200.57,5346395,$202.34,$203.26,$198.7497
06/26/2025,$202.34,5264863,$204.59,$206.7399,$201.54
06/25/2025,$204.30,3242332,$202.80,$204.81,$202.4772
06/24/2025,$201.69,4951793,$204.00,$204.80,$201.42
06/23/2025,$203.32,4478798,$199.56,$203.87,$196.0001
06/20/2025,$199.24,8289229,$201.05,$201.05,$197.71
06/18/2025,$199.78,3324502,$202.29,$202.885,$198.8801
06/17/2025,$202.05,4132887,$197.99,$202.7488,$197.50
06/16/2025,$198.11,4137994,$196.85,$199.74,$196.85
06/13/2025,$196.27,3818451,$196.37,$199.95,$195.07
06/12/2025,$197.67,4159496,$194.57,$199.3985,$194.31
06/11/2025,$194.39,3462978,$195.71,$197.44,$194.06
06/10/2025,$195.95,2971944,$195.65,$197.0422,$193.60
06/09/2025,$196.33,2566463,$199.04,$199.1956,$196.19
06/06/2025,$199.60,3306209,$199.00,$200.88,$198.20
06/05/2025,$197.11,3549790,$194.11,$199.50,$194.11
06/04/2025,$194.07,3360595,$195.22,$197.25,$193.47
06/03/2025,$197.12,4820893,$195.00,$198.4534,$194.88
06/02/2025,$194.86,4411538,$192.14,$195.29,$191.48
05/30/2025,$192.42,11419740,$187.02,$192.73,$186.725
05/29/2025,$185.82,4499556,$189.00,$189.1475,$182.89
05/28/2025,$187.80,3869008,$187.76,$189.84,$187.47
05/27/2025,$187.46,5331677,$188.67,$189.10,$186.529
05/23/2025,$186.75,4902866,$183.605,$187.65,$183.2201
05/22/2025,$186.14,7613395,$183.01,$187.65,$182.46
05/21/2025,$181.26,19049690,$184.76,$185.30,$178.64
05/20/2025,$194.48,9533438,$194.635,$194.93,$192.66
05/19/2025,$194.30,4419514,$190.49,$194.40,$190.17
05/16/2025,$192.98,4210924,$191.045,$193.7906,$190.91
05/15/2025,$192.90,5460097,$189.79,$194.19,$189.59
05/14/2025,$190.90,5445821,$191.83,$192.2007,$189.425
05/13/2025,$192.00,5556527,$192.725,$195.42,$191.875
05/12/2025,$193.50,4580843,$191.615,$193.665,$189.515
05/09/2025,$186.93,3211041,$188.755,$189.79,$184.64
05/08/2025,$188.53,3677239,$187.69,$188.98,$184.35
05/07/2025,$188.14,3713849,$188.80,$189.31,$186.35
05/06/2025,$188.69,3031903,$186.80,$190.27,$186.02
05/05/2025,$188.13,3804317,$186.00,$190.98,$185.47
05/02/2025,$187.70,3842206,$190.00,$191.6999,$187.27
05/01/2025,$186.27,4627143,$188.64,$189.1623,$186.03
04/30/2025,$186.93,6163155,$184.98,$187.63,$182.3696
04/29/2025,$186.65,5112323,$182.96,$187.31,$182.095
04/28/2025,$181.54,3551869,$178.62,$182.20,$178.09
04/25/2025,$178.98,3536822,$176.49,$179.50,$175.33
04/24/2025,$176.04,4023389,$169.345,$176.45,$169.07
04/23/2025,$168.32,4924435,$168.74,$172.52,$167.33
04/22/2025,$163.63,4005327,$162.46,$165.36,$160.27
04/21/2025,$160.05,4555124,$165.09,$165.95,$157.60
04/17/2025,$167.69,4784631,$171.14,$171.365,$167.13
04/16/2025,$169.76,5405198,$171.535,$173.85,$167.92
04/15/2025,$173.55,4147466,$170.50,$174.94,$169.98
04/14/2025,$169.98,5103311,$171.66,$173.53,$168.68
04/11/2025,$168.34,6302298,$164.735,$168.84,$161.45
04/10/2025,$168.27,6465581,$168.93,$170.66,$162.24
04/09/2025,$173.02,10513470,$151.63,$174.11,$151.63
04/08/2025,$152.53,13716500,$157.715,$161.50,$150.12
04/07/2025,$152.44,9837943,$147.57,$159.5925,$144.145
04/04/2025,$153.57,9000534,$158.96,$160.8411,$153.39
04/03/2025,$165.17,7365360,$165.43,$168.69,$163.19
04/02/2025,$173.18,3371834,$168.27,$174.74,$168.27
04/01/2025,$171.31,4037250,$168.52,$171.89,$166.83
03/31/2025,$170.64,5888637,$169.57,$171.015,$165.8844
03/28/2025,$172.76,6249862,$173.91,$174.885,$170.77
03/27/2025,$174.44,7156303,$182.695,$183.09,$173.56
03/26/2025,$184.96,3412915,$189.67,$191.00,$184.73
03/25/2025,$189.95,5343396,$184.79,$190.10,$184.51
03/24/2025,$184.79,3758128,$186.00,$186.49,$183.86
03/21/2025,$182.32,8565886,$181.72,$183.60,$179.72
03/20/2025,$184.01,4394960,$185.59,$188.854,$183.825
03/19/2025,$187.54,3476804,$183.10,$189.6709,$182.6001
03/18/2025,$183.10,2791036,$182.95,$184.35,$180.9354
03/17/2025,$185.00,3231076,$183.50,$186.16,$182.0051
03/14/2025,$182.34,3563630,$178.87,$183.05,$178.49
03/13/2025,$176.32,3823706,$178.38,$178.77,$174.31
03/12/2025,$179.48,4472826,$183.64,$184.1618,$178.00
03/11/2025,$178.93,5523678,$173.79,$182.39,$172.75
03/10/2025,$173.83,6307400,$177.60,$177.74,$172.6216
03/07/2025,$180.93,4808545,$177.92,$182.00,$173.89
03/06/2025,$179.33,4292597,$180.30,$184.13,$178.541
03/05/2025,$184.28,4539249,$182.45,$185.27,$180.12
03/04/2025,$184.38,5197425,$182.29,$186.5932,$178.90
03/03/2025,$183.68,5120787,$191.50,$193.66,$182.26
02/28/2025,$190.43,5190538,$187.89,$191.01,$187.39
02/27/2025,$187.50,4714068,$191.38,$193.40,$186.695
02/26/2025,$189.55,2645955,$189.37,$192.31,$188.45
02/25/2025,$188.01,5474849,$189.29,$189.735,$184.65
02/24/2025,$190.39,4142275,$191.65,$193.00,$188.00
02/21/2025,$191.03,5457072,$199.12,$199.26,$190.26
02/20/2025,$198.81,5878685,$203.83,$203.97,$194.8272
02/19/2025,$205.19,5626807,$208.19,$208.39,$202.77
02/18/2025,$208.28,9069304,$197.70,$208.35,$197.70
02/14/2025,$200.03,13989020,$191.995,$201.33,$188.75
02/13/2025,$201.88,13222950,$199.16,$202.41,$195.35
02/12/2025,$196.73,4172488,$194.00,$197.33,$191.82
02/11/2025,$195.49,5664775,$198.15,$199.18,$194.40
02/10/2025,$196.40,5113176,$196.50,$198.74,$195.50
02/07/2025,$193.94,6345780,$191.225,$197.66,$191.00
02/06/2025,$187.37,3634148,$187.71,$188.97,$186.38
02/05/2025,$186.85,3823501,$183.94,$187.1125,$183.05
02/04/2025,$183.40,5554023,$181.31,$184.8992,$180.93
02/03/2025,$182.79,6448305,$181.555,$184.24,$180.12
01/31/2025,$184.42,4833496,$188.83,$189.16,$184.37
01/30/2025,$187.42,4451150,$186.04,$189.14,$185.65
01/29/2025,$185.42,6847772,$192.94,$193.01,$185.06
01/28/2025,$192.94,8753534,$188.66,$197.74,$186.57
01/27/2025,$189.30,6113141,$185.09,$192.43,$183.5601
01/24/2025,$187.70,3093869,$187.83,$190.93,$186.87
01/23/2025,$187.32,5490939,$187.02,$187.75,$185.04
01/22/2025,$187.70,5517923,$185.28,$188.973,$182.57
01/21/2025,$183.51,6421669,$181.09,$186.15,$180.53
01/17/2025,$177.11,5500372,$181.12,$181.35,$177.00
01/16/2025,$177.17,6635602,$176.00,$178.95,$173.58
01/15/2025,$174.19,7705752,$173.33,$175.95,$172.79
01/14/2025,$170.58,4914933,$168.30,$170.66,$166.40
01/13/2025,$167.82,7402337,$169.77,$170.5298,$166.21
01/10/2025,$173.42,5727177,$171.80,$175.24,$171.19
01/08/2025,$172.83,11015180,$169.38,$173.11,$167.26
01/07/2025,$175.51,6492396,$177.52,$178.17,$173.18
01/06/2025,$179.50,7109536,$182.35,$182.785,$176.65
01/03/2025,$183.25,4277552,$181.26,$184.80,$180.41
01/02/2025,$180.74,4540191,$184.50,$184.63,$178.82
12/31/2024,$181.96,3270113,$185.38,$185.81,$181.26
12/30/2024,$184.20,2737916,$183.81,$185.61,$181.90
12/27/2024,$186.18,2911301,$186.37,$187.01,$183.20
12/26/2024,$188.50,2114145,$188.51,$189.475,$187.63
12/24/2024,$189.51,1470980,$187.94,$189.51,$186.6485
12/23/2024,$188.22,3897545,$187.30,$189.515,$186.50
12/20/2024,$186.78,13346440,$186.58,$192.8599,$185.01
12/19/2024,$189.36,5488804,$194.44,$195.30,$188.5015
12/18/2024,$188.76,6397545,$201.00,$202.00,$186.541
12/17/2024,$201.24,5429873,$202.33,$207.24,$199.00
12/16/2024,$202.50,6086976,$198.15,$203.00,$195.50
12/13/2024,$196.56,3848816,$200.25,$201.25,$196.18
12/12/2024,$200.105,3286016,$198.55,$201.70,$197.76
12/11/2024,$199.21,3376330,$195.315,$199.425,$195.315
12/10/2024,$194.88,3492216,$195.76,$198.22,$193.865
12/09/2024,$194.47,5073360,$203.50,$205.1144,$194.0668
12/06/2024,$202.95,3959118,$202.575,$204.5787,$201.31
12/05/2024,$201.515,3390050,$202.00,$203.75,$200.785
12/04/2024,$202.29,5430580,$198.23,$203.39,$196.30
12/03/2024,$196.295,5162492,$194.035,$197.8763,$193.43
12/02/2024,$195.085,4649118,$195.12,$196.1573,$193.26
11/29/2024,$193.91,2086668,$193.125,$194.61,$191.73
11/27/2024,$192.185,9251750,$196.855,$196.9649,$191.385
11/26/2024,$198.20,5721148,$194.72,$198.61,$194.315
11/25/2024,$193.19,8691724,$193.98,$198.0804,$191.585
11/22/2024,$191.68,12644820,$196.3125,$197.005,$187.6001
11/21/2024,$198.85,14867538,$193.10,$202.00,$190.275
11/20/2024,$196.445,11057172,$194.78,$197.455,$191.965
11/19/2024,$194.03,4756418,$192.60,$194.515,$191.515
11/18/2024,$193.415,4466816,$196.50,$196.6875,$192.865
11/15/2024,$193.50,4408174,$194.7175,$196.25,$192.785
11/14/2024,$197.195,4857792,$201.055,$201.58,$197.015
11/13/2024,$201.18,3929470,$199.64,$204.265,$198.655
11/12/2024,$199.01,3702848,$197.88,$199.655,$196.985
11/11/2024,$199.05,3760964,$197.83,$200.345,$196.85
11/08/2024,$195.70,4116550,$194.50,$196.605,$192.135
11/07/2024,$193.50,4210648,$189.295,$193.605,$188.11
11/06/2024,$192.59,5031460,$189.00,$193.10,$188.00
11/05/2024,$183.145,2707480,$182.245,$184.245,$181.10
11/04/2024,$180.56,3064824,$180.325,$181.94,$178.00
11/01/2024,$181.32,5852550,$179.515,$182.885,$178.55
10/31/2024,$180.165,4063962,$182.34,$184.69,$179.10
10/30/2024,$179.755,2940410,$182.17,$183.94,$179.3425
10/29/2024,$182.695,4410280,$180.885,$183.735,$178.895
10/28/2024,$181.175,3127344,$184.00,$184.455,$180.715
10/25/2024,$183.22,2694346,$183.865,$186.20,$182.87
10/24/2024,$182.29,2969736,$180.3525,$183.255,$180.075
10/23/2024,$179.095,5402252,$186.78,$187.0725,$178.79
10/22/2024,$188.05,3167442,$187.36,$189.635,$185.655
10/21/2024,$189.205,4362502,$187.485,$192.00,$186.515
10/18/2024,$187.415,2899926,$186.605,$188.00,$186.32
10/17/2024,$188.075,3095228,$186.00,$189.865,$185.165
10/16/2024,$186.615,6166874,$187.22,$187.27,$183.7025
10/15/2024,$187.22,7457928,$186.525,$188.16,$185.005
10/14/2024,$186.955,2989762,$188.495,$188.565,$184.895
10/11/2024,$186.60,4596038,$184.505,$189.165,$184.475
10/10/2024,$184.70,4452386,$180.00,$184.895,$180.00
10/09/2024,$181.435,4918456,$177.565,$181.78,$177.50
10/08/2024,$177.565,6637000,$172.70,$178.50,$172.50
10/07/2024,$168.97,4799128,$170.31,$172.7775,$168.405
10/04/2024,$171.18,4074118,$171.00,$171.48,$167.795
10/03/2024,$167.97,4020694,$164.98,$168.345,$164.455
10/02/2024,$166.065,4105222,$165.275,$168.8095,$164.275
10/01/2024,$164.645,5405958,$170.80,$170.89,$164.125
09/30/2024,$170.90,5140798,$167.585,$171.7167,$167.50
09/27/2024,$167.875,3519162,$169.435,$169.98,$167.25
09/26/2024,$169.365,5054372,$171.775,$172.135,$167.65
09/25/2024,$170.255,3576524,$171.715,$172.50,$169.18
09/24/2024,$171.76,4520998,$172.52,$172.935,$169.2558
09/23/2024,$172.085,4410480,$169.82,$172.675,$168.585
09/20/2024,$170.06,7552534,$166.50,$170.525,$166.165
09/19/2024,$166.80,4807658,$168.95,$169.59,$166.20
09/18/2024,$164.875,5707366,$168.47,$168.875,$164.36
09/17/2024,$168.965,4998714,$173.605,$173.97,$168.1351
09/16/2024,$173.055,3393158,$173.29,$174.635,$171.46
09/13/2024,$173.45,3052618,$172.58,$176.30,$172.235
09/12/2024,$172.58,3517984,$172.005,$173.20,$170.65
09/11/2024,$170.885,6913970,$173.2375,$173.2375,$166.35
09/10/2024,$173.79,4959766,$173.50,$174.055,$170.0351
09/09/2024,$172.025,4788556,$169.42,$172.465,$168.825
09/06/2024,$167.91,4735178,$172.50,$173.5125,$166.92
09/05/2024,$171.87,3378908,$171.675,$172.9299,$169.535
09/04/2024,$173.075,6138482,$171.65,$174.02,$169.045
09/03/2024,$177.535,5231606,$179.775,$182.75,$176.475
08/30/2024,$181.36,5977152,$179.21,$181.4825,$177.285
08/29/2024,$179.105,5457076,$176.46,$183.025,$176.11
08/28/2024,$175.22,3306520,$174.735,$176.39,$173.0375
08/27/2024,$175.095,3472968,$172.125,$175.67,$171.68
08/26/2024,$173.56,6962720,$174.865,$177.32,$172.735
08/23/2024,$175.375,7013312,$175.60,$177.57,$173.115
08/22/2024,$174.74,6149278,$179.675,$179.68,$174.415
08/21/2024,$179.875,10018578,$182.155,$184.2975,$179.265
08/20/2024,$184.005,25706060,$174.345,$187.6849,$174.00
08/19/2024,$171.68,16124696,$168.00,$172.2389,$167.555
08/16/2024,$167.055,9066732,$169.24,$170.065,$166.36
08/15/2024,$171.635,6358698,$170.255,$172.89,$170.045
08/14/2024,$169.955,5346652,$167.995,$172.1663,$167.755
08/13/2024,$166.615,6996168,$165.675,$168.04,$165.26
08/12/2024,$165.55,4079126,$165.335,$166.2132,$162.575
08/09/2024,$165.74,5640230,$159.08,$166.57,$158.745
08/08/2024,$158.685,4438612,$155.85,$158.905,$153.1751
08/07/2024,$152.105,7132492,$155.575,$157.39,$152.085
08/06/2024,$150.965,6441604,$150.06,$152.67,$147.425
08/05/2024,$147.09,8960350,$143.605,$150.70,$142.01
08/02/2024,$152.80,7049198,$152.9575,$154.50,$149.775
08/01/2024,$157.81,6717674,$161.705,$162.82,$156.185
07/31/2024,$162.365,4082338,$160.3225,$163.31,$158.125
07/30/2024,$158.755,5412340,$162.62,$163.4175,$157.505
07/29/2024,$161.03,3124682,$163.75,$164.365,$160.70
07/26/2024,$163.405,3418850,$161.615,$164.5775,$160.635
07/25/2024,$160.065,4743168,$163.28,$164.425,$159.365
07/24/2024,$162.12,4984268,$167.00,$168.135,$161.50
07/23/2024,$167.78,5494242,$167.495,$170.445,$166.325
07/22/2024,$166.85,5970354,$167.225,$169.435,$164.44
07/19/2024,$165.445,6454754,$165.9795,$168.45,$163.015
07/18/2024,$161.94,5020130,$164.635,$165.50,$160.13
07/17/2024,$166.07,4625656,$167.455,$167.935,$163.815
07/16/2024,$169.25,3184060,$170.30,$170.8438,$167.755
07/15/2024,$170.455,5101012,$166.395,$171.845,$164.625
07/12/2024,$168.25,3581116,$166.005,$169.10,$165.64
07/11/2024,$165.52,5553354,$168.515,$170.625,$164.56
07/10/2024,$168.53,4091366,$168.50,$169.005,$165.08
07/09/2024,$168.09,3594368,$169.50,$169.50,$166.065
07/08/2024,$168.82,5856278,$170.08,$170.975,$164.665
07/05/2024,$171.045,4140730,$170.4875,$172.7749,$169.1525
07/03/2024,$170.60,2045296,$169.725,$171.22,$169.24
07/02/2024,$170.22,4240338,$169.685,$171.405,$168.035
07/01/2024,$170.45,4766896,$169.00,$171.265,$165.74
06/28/2024,$169.505,8344612,$170.00,$172.95,$168.685
06/27/2024,$170.41,11299140,$165.00,$172.705,$164.57
06/26/2024,$162.63,4249614,$161.00,$163.69,$159.90
06/25/2024,$161.34,5155936,$158.68,$163.195,$158.00
06/24/2024,$158.34,6381334,$159.37,$163.40,$157.87
06/21/2024,$160.165,14406704,$157.92,$160.695,$156.13
06/20/2024,$155.52,6281036,$159.7375,$160.55,$154.625
06/18/2024,$158.51,4121360,$160.005,$160.57,$157.93
06/17/2024,$159.795,5080904,$158.005,$160.585,$155.94
06/14/2024,$158.655,4971786,$159.83,$161.3099,$157.505
06/13/2024,$159.83,5944630,$160.00,$162.245,$157.68
06/12/2024,$159.895,4926184,$157.50,$160.05,$155.82
06/11/2024,$156.475,5524502,$154.34,$157.30,$153.4375
06/10/2024,$154.525,5788352,$149.73,$154.73,$149.35
06/07/2024,$150.95,5215980,$148.25,$151.475,$147.595
06/06/2024,$147.965,5059786,$147.5575,$150.3312,$147.375
06/05/2024,$147.705,7476718,$148.115,$148.475,$145.25
06/04/2024,$145.045,5347242,$147.25,$147.895,$144.455
06/03/2024,$147.24,4701038,$148.21,$148.50,$145.565
05/31/2024,$147.455,14804500,$148.75,$149.63,$143.29
05/30/2024,$146.59,9244502,$152.00,$152.175,$145.58
05/29/2024,$153.45,5270046,$152.87,$155.16,$152.20
05/28/2024,$154.005,9216068,$160.05,$160.925,$153.535
05/24/2024,$160.80,9429950,$155.75,$161.555,$155.50
05/23/2024,$155.72,7791228,$154.89,$157.22,$152.25
05/22/2024,$154.29,9065172,$156.045,$156.725,$151.60
05/21/2024,$155.83,27524820,$150.58,$159.25,$150.00
05/20/2024,$161.885,15993944,$159.25,$162.34,$157.29
05/17/2024,$158.925,6848300,$158.50,$159.50,$157.48
05/16/2024,$158.39,7343426,$157.26,$158.69,$155.54
05/15/2024,$156.16,7398948,$152.095,$156.57,$151.53
05/14/2024,$150.77,5380932,$149.465,$151.65,$149.22
05/13/2024,$151.125,4173820,$151.00,$152.33,$149.475
05/10/2024,$148.735,4278102,$149.155,$150.4829,$148.46
05/09/2024,$147.835,6029190,$149.455,$150.495,$147.52
05/08/2024,$151.505,6254046,$151.45,$152.135,$149.755
05/07/2024,$152.76,9227944,$150.285,$154.325,$149.73
05/06/2024,$150.285,5771108,$149.495,$150.485,$148.58
05/03/2024,$148.105,6877948,$146.8475,$148.745,$145.185
05/02/2024,$147.66,6534598,$145.38,$147.89,$142.765
05/01/2024,$143.67,6070956,$144.4375,$146.855,$142.00
04/30/2024,$145.445,6345768,$146.475,$147.975,$145.21
04/29/2024,$146.705,5980510,$149.00,$151.945,$145.915
04/26/2024,$145.71,4493024,$145.07,$147.065,$143.7158
04/25/2024,$144.395,5422882,$143.00,$145.075,$140.81
04/24/2024,$146.91,5700734,$147.00,$147.50,$145.46
04/23/2024,$146.745,8132008,$142.125,$147.11,$141.50
04/22/2024,$140.84,5852214,$141.045,$141.485,$137.60
04/19/2024,$138.855,9503230,$141.25,$142.44,$138.2731
04/18/2024,$140.57,7711856,$138.875,$142.185,$138.1634
04/17/2024,$138.665,6338760,$139.00,$140.44,$137.80
04/16/2024,$137.51,7255058,$135.205,$138.2475,$135.18
04/15/2024,$136.075,6104176,$139.50,$139.59,$135.52
04/12/2024,$139.535,5815920,$141.22,$141.88,$138.63
04/11/2024,$141.93,6986606,$141.335,$142.745,$139.215
04/10/2024,$140.50,7006506,$137.50,$141.25,$137.50
04/09/2024,$139.565,11193314,$135.485,$139.755,$134.8274
04/08/2024,$134.29,7385868,$134.005,$134.56,$132.83
04/05/2024,$134.505,7363520,$132.89,$134.85,$132.625
04/04/2024,$132.60,9636436,$135.835,$136.695,$132.50
04/03/2024,$134.77,8076472,$135.70,$136.94,$134.625
04/02/2024,$136.70,7738842,$137.725,$137.78,$135.725
04/01/2024,$139.71,6280284,$142.51,$142.8325,$139.215
03/28/2024,$142.065,6800996,$140.68,$142.53,$140.025
03/27/2024,$141.13,6528016,$145.245,$145.45,$140.74
03/26/2024,$143.345,5869414,$142.925,$144.12,$141.40
03/25/2024,$142.535,5298092,$142.80,$143.15,$140.6175
03/22/2024,$143.39,7593466,$145.41,$145.445,$142.7786
03/21/2024,$143.815,7662868,$141.91,$145.07,$140.785
03/20/2024,$141.025,6815264,$140.865,$141.86,$139.135
03/19/2024,$140.29,10930832,$141.55,$142.0699,$138.275
03/18/2024,$142.62,7678338,$142.685,$143.315,$140.59
03/15/2024,$141.08,13190334,$142.12,$143.645,$140.805
03/14/2024,$143.79,9903130,$146.18,$146.37,$141.68
03/13/2024,$145.06,10545502,$142.81,$146.395,$140.865
03/12/2024,$142.365,8133516,$142.665,$143.7175,$140.701
03/11/2024,$141.665,9898202,$139.15,$143.40,$138.805
03/08/2024,$140.10,11484830,$143.09,$144.225,$139.85
03/07/2024,$143.2425,16056556,$140.00,$144.065,$138.8755
03/06/2024,$139.43,23383440,$149.49,$150.00,$138.405
03/05/2024,$145.565,14534200,$147.945,$148.775,$142.34
03/04/2024,$149.72,14428358,$151.00,$151.1875,$146.03
03/01/2024,$151.20,22750260,$155.765,$155.765,$148.405
02/29/2024,$155.275,16355942,$157.89,$160.345,$154.365
02/28/2024,$158.075,15990676,$155.64,$158.425,$153.9048
02/27/2024,$157.375,42708640,$158.70,$163.785,$153.775
02/26/2024,$151.39,43874320,$144.26,$156.94,$143.395
02/23/2024,$141.045,30662920,$138.475,$142.16,$135.81
02/22/2024,$133.91,38594540,$137.0635,$138.405,$132.50
02/21/2024,$130.985,87874680,$137.60,$137.99,$130.045
02/20/2024,$183.045,20917620,$181.425,$184.6436,$179.9091
02/16/2024,$183.205,6525770,$184.75,$185.495,$181.025
02/15/2024,$183.44,5435196,$184.09,$184.895,$180.81
02/14/2024,$184.165,6187462,$184.405,$187.585,$183.0625
02/13/2024,$184.13,15684414,$179.56,$187.19,$176.905
02/12/2024,$185.985,5737020,$187.725,$188.15,$183.765
02/09/2024,$188.45,7001960,$186.525,$190.42,$184.50
02/08/2024,$183.51,5916374,$181.61,$185.86,$181.50
02/07/2024,$182.25,13163274,$175.70,$183.07,$174.70
02/06/2024,$170.745,5483170,$172.745,$173.875,$168.00
02/05/2024,$172.24,5340612,$172.14,$172.75,$168.97
02/02/2024,$172.53,5080646,$169.78,$173.215,$169.50
02/01/2024,$169.985,4350980,$169.50,$170.2225,$167.72
01/31/2024,$169.255,4968502,$171.115,$171.995,$166.335
01/30/2024,$172.945,3488330,$172.415,$173.815,$171.38
01/29/2024,$172.625,5238208,$170.995,$172.7466,$170.385
01/26/2024,$171.22,4331240,$170.00,$172.15,$169.03
01/25/2024,$170.095,6909930,$172.23,$172.23,$168.285
01/24/2024,$170.12,5854204,$173.91,$173.995,$169.92
01/23/2024,$172.09,6045014,$172.785,$173.00,$169.16
01/22/2024,$172.825,7021968,$173.145,$175.30,$171.225
01/19/2024,$168.87,6588062,$169.765,$170.20,$167.155
01/18/2024,$167.885,7197490,$168.205,$169.297,$166.28
01/17/2024,$165.03,7864434,$165.27,$166.235,$161.305
01/16/2024,$166.025,7516846,$164.15,$166.65,$162.75
01/12/2024,$162.62,6390942,$162.255,$165.20,$160.6982
01/11/2024,$161.745,10001498,$160.265,$162.685,$158.26
01/10/2024,$158.045,10161516,$152.60,$158.245,$152.55
01/09/2024,$150.21,7302450,$143.805,$150.50,$143.45
01/08/2024,$144.75,5831076,$141.76,$145.37,$141.75
01/05/2024,$141.465,3714694,$142.095,$143.225,$140.92
01/04/2024,$141.65,5085354,$143.00,$143.7399,$141.45
01/03/2024,$143.235,4936386,$142.34,$144.56,$141.41
01/02/2024,$144.46,5767724,$145.97,$146.06,$142.415
12/29/2023,$147.44,4137760,$148.355,$148.36,$145.975
12/28/2023,$147.79,3872528,$148.49,$148.83,$146.90
12/27/2023,$148.75,4186806,$150.24,$150.445,$147.91
12/26/2023,$150.41,3117388,$149.435,$150.995,$149.25
12/22/2023,$149.105,4783076,$150.165,$150.375,$148.75
12/21/2023,$149.70,5772790,$151.39,$152.055,$147.955
12/20/2023,$150.49,6694314,$152.73,$154.00,$150.225
12/19/2023,$154.305,7760050,$153.79,$155.44,$153.09
12/18/2023,$153.79,6663572,$152.125,$154.71,$152.005
12/15/2023,$153.65,18221050,$150.515,$154.525,$149.625
12/14/2023,$150.22,13591996,$157.50,$159.00,$149.0635
12/13/2023,$156.93,10375564,$152.52,$158.095,$152.52
12/12/2023,$152.79,9126974,$149.785,$153.94,$149.705
12/11/2023,$149.94,8096350,$148.95,$150.055,$147.66
12/08/2023,$149.21,4813266,$145.32,$149.455,$145.32
12/07/2023,$146.805,8612690,$144.09,$147.185,$143.345
12/06/2023,$143.60,6135464,$146.90,$148.075,$143.456
12/05/2023,$146.39,6401140,$141.27,$146.405,$140.33
12/04/2023,$143.305,9284266,$147.12,$147.50,$141.3945
12/01/2023,$148.08,12313632,$146.155,$148.4243,$145.525
11/30/2023,$147.545,17859452,$144.345,$148.08,$143.515
11/29/2023,$144.455,15076426,$139.73,$146.165,$139.255
11/28/2023,$138.915,12630048,$134.365,$139.345,$134.3225
11/27/2023,$134.545,6276182,$133.00,$134.97,$132.94
11/24/2023,$133.04,3230326,$131.485,$133.205,$131.375
11/22/2023,$131.57,5506208,$132.50,$134.05,$131.035
11/21/2023,$132.015,8110470,$129.775,$132.28,$129.0825
11/20/2023,$130.285,13713710,$125.00,$130.725,$124.78
11/17/2023,$123.795,15126982,$121.52,$126.015,$121.49
11/16/2023,$121.15,31270620,$119.995,$122.40,$117.075
11/15/2023,$128.09,19158086,$132.255,$132.375,$127.31
11/14/2023,$130.585,8778186,$129.76,$130.835,$128.845
11/13/2023,$127.82,8944084,$127.185,$128.70,$126.88
11/10/2023,$126.755,8168014,$123.00,$126.99,$122.30
11/09/2023,$121.295,6290036,$121.195,$123.87,$119.80
11/08/2023,$120.54,5201340,$121.735,$122.00,$120.255
11/07/2023,$121.04,8401496,$120.975,$121.71,$118.76
11/06/2023,$118.50,10643550,$123.32,$123.6425,$116.9045
11/03/2023,$121.765,15224384,$122.26,$123.125,$120.525
11/02/2023,$125.18,6998798,$123.78,$126.04,$123.54
11/01/2023,$122.43,4923754,$122.50,$123.725,$120.03
10/31/2023,$121.51,4225934,$121.255,$122.0178,$119.06
10/30/2023,$119.275,3973508,$120.385,$121.11,$118.8532
10/27/2023,$119.395,4567586,$119.33,$121.1956,$118.64
10/26/2023,$118.595,5956506,$122.395,$123.47,$118.01
10/25/2023,$122.395,5418334,$126.00,$127.16,$121.86
10/24/2023,$126.035,4519222,$124.335,$126.095,$123.7501
10/23/2023,$123.085,4764724,$120.605,$124.1575,$119.41
10/20/2023,$121.55,9270018,$126.50,$126.50,$120.14
10/19/2023,$126.565,7761992,$131.75,$132.34,$126.09
10/18/2023,$130.67,5628720,$130.055,$132.925,$130.00
10/17/2023,$130.87,5617568,$130.43,$132.9089,$130.005
10/16/2023,$130.76,4826864,$129.875,$132.585,$129.455
10/13/2023,$129.70,6184648,$131.175,$132.95,$129.155
10/12/2023,$130.31,5928752,$130.075,$132.1705,$129.5825
10/11/2023,$129.605,6947524,$128.50,$130.94,$127.885
10/10/2023,$128.39,7114800,$127.16,$129.2742,$126.41
10/09/2023,$126.39,7669082,$123.035,$128.245,$122.915
10/06/2023,$123.345,8337854,$117.68,$124.9538,$117.52
10/05/2023,$118.39,3943696,$118.22,$118.65,$117.175
10/04/2023,$118.22,4737580,$116.675,$118.785,$116.675
10/03/2023,$115.855,4205204,$117.34,$118.805,$115.045
10/02/2023,$118.385,5064204,$117.50,$119.095,$116.945
09/29/2023,$117.22,4496418,$119.00,$119.17,$117.0177
09/28/2023,$117.59,4455530,$116.235,$118.65,$115.335
09/27/2023,$115.95,5567398,$114.435,$116.7625,$114.16
09/26/2023,$113.395,4231652,$112.98,$113.90,$112.3755
09/25/2023,$113.265,4254842,$113.765,$113.975,$112.32
09/22/2023,$114.255,4438558,$114.275,$115.365,$113.32
09/21/2023,$113.72,6385588,$115.815,$116.59,$113.5925
09/20/2023,$117.65,3810018,$117.565,$119.4375,$117.245
09/19/2023,$118.085,7523530,$119.155,$119.395,$115.675
09/18/2023,$119.945,3947614,$120.17,$121.63,$119.39
09/15/2023,$120.10,7147898,$122.665,$122.8425,$119.285
09/14/2023,$122.91,3802482,$123.995,$124.16,$122.3167
09/13/2023,$123.145,3605434,$121.605,$123.885,$121.215
09/12/2023,$122.865,5104568,$125.995,$126.455,$122.82
09/11/2023,$126.57,4884116,$124.95,$127.115,$124.50
09/08/2023,$124.37,4450130,$122.50,$124.9446,$122.44
09/07/2023,$122.72,3841776,$122.095,$123.52,$121.175
09/06/2023,$122.605,3951136,$122.545,$122.9668,$121.36
09/05/2023,$122.535,4194298,$121.355,$122.625,$120.125
09/01/2023,$121.36,4253106,$121.625,$122.385,$120.234
08/31/2023,$121.65,7524634,$119.79,$121.915,$119.79
08/30/2023,$118.95,6242344,$117.91,$119.70,$117.50
08/29/2023,$116.96,9524634,$116.385,$117.095,$115.71
08/28/2023,$116.21,4056372,$115.385,$116.54,$114.475
08/25/2023,$115.38,5192900,$114.865,$116.0112,$113.16
08/24/2023,$113.725,6471196,$119.00,$119.10,$113.465
08/23/2023,$117.83,6194074,$117.755,$118.6225,$115.88
08/22/2023,$117.28,12132734,$120.825,$121.0425,$115.515
08/21/2023,$120.405,40537620,$118.25,$123.15,$118.15
08/18/2023,$104.845,22874640,$101.01,$105.57,$100.585
08/17/2023,$103.785,10077040,$106.50,$106.50,$103.445
08/16/2023,$106.985,5927098,$107.995,$108.47,$106.79
08/15/2023,$107.83,5986000,$109.245,$109.77,$107.48
08/14/2023,$109.67,8226292,$109.22,$110.885,$107.7501
08/11/2023,$108.98,8030478,$106.42,$110.225,$106.42
08/10/2023,$107.03,8968028,$108.165,$109.21,$106.45
08/09/2023,$106.735,7906188,$105.685,$106.895,$105.05
08/08/2023,$105.74,15211626,$105.425,$106.45,$104.01
08/07/2023,$107.62,17688212,$109.535,$109.725,$106.65
08/04/2023,$109.16,30601420,$112.25,$112.75,$106.675
08/03/2023,$118.725,7755908,$117.405,$119.375,$116.905
08/02/2023,$118.085,12615934,$124.525,$124.70,$117.02
08/01/2023,$126.585,4648340,$124.945,$127.015,$124.005
07/31/2023,$124.98,4561994,$125.00,$126.67,$123.8601
07/28/2023,$124.22,4191048,$123.75,$124.645,$122.405
07/27/2023,$122.64,6172010,$124.00,$124.915,$121.6237
07/26/2023,$122.505,7262234,$119.855,$124.325,$119.435
07/25/2023,$121.455,4599184,$122.50,$123.425,$121.365
07/24/2023,$121.665,5006762,$121.91,$122.995,$119.87
07/21/2023,$121.91,14697720,$122.245,$123.1937,$121.53
07/20/2023,$121.025,5966556,$121.995,$123.765,$120.60
07/19/2023,$123.00,6449938,$124.445,$125.125,$122.535
07/18/2023,$124.17,6983782,$124.97,$125.11,$122.785
07/17/2023,$125.025,11608674,$120.485,$125.385,$120.485
07/14/2023,$120.63,11466630,$119.25,$121.415,$119.04
07/13/2023,$119.505,18788498,$118.145,$121.85,$117.26
07/12/2023,$116.32,35574000,$125.57,$125.94,$115.905
07/11/2023,$125.115,5545712,$124.2875,$125.495,$123.135
07/10/2023,$123.735,8646028,$124.48,$125.625,$123.4452
07/07/2023,$123.795,7382156,$126.00,$126.54,$123.53
07/06/2023,$126.70,6492494,$127.04,$127.7675,$125.375
07/05/2023,$128.94,7896258,$126.545,$129.44,$126.05
07/03/2023,$127.32,3485952,$127.55,$127.72,$126.27
06/30/2023,$127.755,6788706,$127.745,$128.415,$126.19
06/29/2023,$126.665,5201658,$126.43,$127.445,$125.53
06/28/2023,$126.705,7843780,$124.38,$127.71,$123.915
06/27/2023,$125.795,14046970,$122.13,$126.755,$122.08
06/26/2023,$121.90,9313572,$122.915,$125.275,$121.71
06/23/2023,$121.97,11338636,$123.4175,$124.325,$121.875
06/22/2023,$124.575,12988170,$119.455,$124.63,$119.18
06/21/2023,$119.46,10631956,$120.61,$121.215,$118.60
06/20/2023,$120.80,15825038,$122.105,$122.525,$119.085
06/16/2023,$123.265,109646920,$123.7025,$123.85,$121.035
06/15/2023,$121.90,12965290,$118.105,$122.43,$118.105
06/14/2023,$119.28,11317020,$116.33,$119.815,$116.33
06/13/2023,$116.815,11915834,$115.75,$117.25,$114.60
06/12/2023,$114.57,10855142,$110.455,$114.645,$110.275
06/09/2023,$110.05,9942388,$111.41,$112.39,$109.655
06/08/2023,$111.41,10067970,$108.31,$111.5199,$108.125
06/07/2023,$108.125,14351088,$112.87,$112.955,$108.085
06/06/2023,$112.36,10803522,$112.675,$113.43,$111.9171
06/05/2023,$113.395,27545020,$113.235,$115.09,$111.545
06/02/2023,$108.62,9487198,$108.53,$109.9625,$107.525
06/01/2023,$108.395,8843268,$105.50,$109.1375,$105.06
05/31/2023,$106.695,11179174,$106.125,$108.1287,$105.815
05/30/2023,$106.24,11169960,$108.00,$109.75,$105.71
05/26/2023,$105.85,12816046,$104.185,$108.525,$104.095
05/25/2023,$103.99,12287388,$103.1325,$104.435,$101.30
05/24/2023,$102.155,34072960,$98.115,$103.69,$97.04
05/23/2023,$94.87,19297736,$95.78,$96.60,$94.415
05/22/2023,$96.055,11820966,$94.735,$96.485,$94.1521
05/19/2023,$94.33,8459376,$95.435,$96.19,$94.16
05/18/2023,$94.86,10488406,$95.50,$95.745,$93.375
05/17/2023,$95.76,6851412,$96.155,$96.56,$95.05
05/16/2023,$95.715,9732392,$95.14,$96.40,$94.43
05/15/2023,$96.50,13136026,$99.15,$99.2725,$95.335
05/12/2023,$99.65,6025874,$99.325,$99.685,$98.41
05/11/2023,$98.59,6025864,$100.275,$100.42,$98.285
05/10/2023,$99.70,5334062,$98.5625,$100.76,$98.50
05/09/2023,$97.92,7728542,$96.32,$98.53,$96.195
05/08/2023,$95.76,7708594,$94.00,$96.10,$93.965
05/05/2023,$91.965,6384618,$89.62,$92.365,$89.57
05/04/2023,$89.505,5820678,$89.315,$90.35,$88.545
05/03/2023,$88.83,6834198,$88.505,$90.27,$88.175
05/02/2023,$88.445,13560138,$90.685,$91.56,$88.1513
05/01/2023,$91.65,7939510,$90.33,$92.62,$89.855
04/28/2023,$91.23,7956496,$91.95,$91.995,$90.505
04/27/2023,$92.56,5148850,$92.64,$93.065,$91.72
04/26/2023,$91.895,5265976,$92.335,$92.745,$91.365
04/25/2023,$91.285,7738968,$94.09,$94.305,$91.0925
04/24/2023,$95.975,3719024,$96.52,$97.37,$95.205
04/21/2023,$96.625,4014226,$96.135,$97.21,$95.585
04/20/2023,$96.135,6157594,$96.565,$96.95,$95.60
04/19/2023,$97.66,4973346,$98.975,$99.845,$97.4825
04/18/2023,$100.00,3024286,$101.585,$101.72,$99.9275
04/17/2023,$100.58,4846670,$99.995,$101.48,$99.425
04/14/2023,$99.72,7554462,$96.925,$99.935,$96.30
04/13/2023,$98.935,4230088,$98.245,$99.33,$98.045
04/12/2023,$97.64,5093168,$97.525,$98.405,$96.715
04/11/2023,$96.405,3455714,$95.36,$96.85,$95.13
04/10/2023,$96.31,4551836,$95.05,$96.855,$94.415
04/06/2023,$95.965,5870492,$95.90,$96.155,$94.3601
04/05/2023,$97.09,5424362,$98.38,$98.40,$95.955
04/04/2023,$98.28,3636632,$98.6425,$99.245,$97.93
04/03/2023,$98.165,5345074,$99.005,$99.455,$97.795
03/31/2023,$99.87,8381756,$97.25,$100.15,$97.02
03/30/2023,$96.785,4183844,$96.954,$97.555,$96.015
03/29/2023,$96.095,4977970,$96.365,$96.45,$95.175
03/28/2023,$95.38,4715290,$95.915,$96.655,$94.92
03/27/2023,$96.265,4977222,$96.00,$97.29,$95.825
03/24/2023,$95.775,4692544,$96.445,$96.7875,$95.445
03/23/2023,$96.945,7382408,$96.70,$98.06,$96.3298
03/22/2023,$95.445,7094982,$97.10,$97.905,$95.375
03/21/2023,$97.245,9501158,$95.65,$97.46,$95.25
03/20/2023,$94.715,6277842,$93.995,$95.10,$93.44
03/17/2023,$94.56,7549700,$94.835,$95.73,$93.785
03/16/2023,$94.885,8668270,$92.25,$95.00,$91.335
03/15/2023,$91.90,5896216,$91.0775,$92.185,$90.815
03/14/2023,$92.24,9863208,$93.365,$94.1077,$91.43
03/13/2023,$92.95,11268502,$92.07,$94.245,$91.34
03/10/2023,$92.855,10197636,$92.405,$93.50,$91.25
03/09/2023,$92.21,5269172,$94.19,$94.715,$92.12
03/08/2023,$94.19,10051196,$94.025,$94.575,$93.08
03/07/2023,$93.60,6111158,$93.89,$94.735,$93.35
03/06/2023,$93.955,8283702,$93.86,$95.20,$93.425
03/03/2023,$95.795,9048642,$95.075,$96.42,$94.3375
03/02/2023,$94.925,7431790,$93.25,$95.515,$92.75
03/01/2023,$93.47,6405768,$93.44,$94.10,$92.855
02/28/2023,$94.185,8014830,$94.255,$95.915,$94.03
02/27/2023,$94.255,8944146,$93.945,$96.235,$93.89
02/24/2023,$93.315,12462642,$92.50,$93.86,$92.2095
02/23/2023,$94.37,24640940,$93.80,$94.4925,$91.295
02/22/2023,$93.875,42277160,$91.1875,$94.3943,$91.15
02/21/2023,$83.445,18251646,$84.25,$84.60,$82.68
02/17/2023,$84.64,7118930,$85.20,$85.40,$83.9025
02/16/2023,$86.01,7781638,$87.36,$87.965,$85.97
02/15/2023,$88.63,11381114,$86.015,$88.7999,$85.60
02/14/2023,$85.07,6274382,$83.94,$85.74,$83.145
02/13/2023,$83.155,4192152,$83.16,$83.705,$82.205
02/10/2023,$82.625,4380844,$82.845,$83.40,$81.405
02/09/2023,$83.065,6048648,$84.00,$84.50,$82.755
02/08/2023,$83.07,11411362,$83.085,$84.33,$82.375
02/07/2023,$79.85,7240558,$77.975,$80.105,$77.055
02/06/2023,$78.115,6030978,$79.50,$80.27,$77.975
02/03/2023,$79.86,4941970,$79.405,$81.195,$79.12
02/02/2023,$81.275,12139686,$82.52,$82.83,$80.65
02/01/2023,$79.86,10685092,$78.675,$80.645,$77.1075
01/31/2023,$79.32,4096028,$79.205,$79.775,$78.73
01/30/2023,$78.815,6137542,$79.135,$79.5725,$78.595
01/27/2023,$79.89,8343498,$79.00,$80.6125,$78.80
01/26/2023,$79.555,13564904,$77.39,$79.99,$76.8396
01/25/2023,$75.89,12982912,$74.00,$76.095,$73.475
01/24/2023,$75.57,10361042,$75.405,$76.08,$74.697
01/23/2023,$74.67,8998728,$73.165,$75.10,$73.063
01/20/2023,$73.05,14043006,$71.435,$73.245,$71.305
01/19/2023,$70.355,5264960,$70.405,$71.46,$70.0787
01/18/2023,$70.8375,8876902,$71.88,$72.6475,$70.59
01/17/2023,$71.00,10438242,$68.605,$71.335,$68.555
01/13/2023,$69.43,8742568,$67.27,$69.5875,$67.27
01/12/2023,$68.30,7644694,$67.865,$68.58,$66.11
01/11/2023,$68.355,6454698,$67.775,$68.625,$67.00
01/10/2023,$67.095,9716360,$67.295,$68.25,$66.46
01/09/2023,$67.54,8801632,$68.50,$69.845,$67.345
01/06/2023,$67.425,7414100,$68.005,$68.49,$66.76
01/05/2023,$67.555,11473372,$68.81,$68.84,$66.35
01/04/2023,$69.27,8549600,$69.84,$70.62,$68.515
01/03/2023,$69.225,7818252,$70.66,$71.7225,$68.755
12/30/2022,$69.77,6723030,$69.25,$69.895,$68.645
12/29/2022,$70.10,7270450,$69.205,$70.795,$69.05
12/28/2022,$68.665,6551946,$69.59,$69.815,$68.37
12/27/2022,$69.605,5988358,$70.265,$70.6694,$69.505
12/23/2022,$70.635,5933162,$71.56,$71.66,$70.27
12/22/2022,$71.575,8724524,$72.705,$72.74,$70.765
12/21/2022,$73.71,8390970,$74.165,$74.275,$71.415
12/20/2022,$74.64,7659344,$74.325,$75.35,$73.8675
12/19/2022,$75.26,6275962,$75.945,$76.045,$74.14
12/16/2022,$75.50,9283586,$75.795,$76.45,$75.18
12/15/2022,$76.295,9538384,$79.00,$79.565,$75.66
12/14/2022,$80.115,3772368,$80.325,$81.345,$79.25
12/13/2022,$80.375,7140140,$84.11,$84.495,$79.885
12/12/2022,$80.89,6121940,$79.675,$80.915,$78.935
12/09/2022,$79.45,4984120,$80.125,$80.725,$79.405
12/08/2022,$80.39,8876096,$82.43,$82.53,$79.335
12/07/2022,$82.345,4770228,$83.80,$84.3725,$81.98
12/06/2022,$83.345,5353082,$85.105,$85.79,$82.9545
12/05/2022,$84.995,7042530,$86.15,$86.615,$84.23
12/02/2022,$86.345,6544074,$87.535,$88.32,$85.935
12/01/2022,$89.20,10660732,$85.575,$89.485,$84.67
11/30/2022,$84.95,16162860,$82.735,$85.1375,$81.875
11/29/2022,$85.255,4865682,$86.00,$86.225,$84.555
11/28/2022,$85.695,4296792,$86.02,$86.9463,$84.915
11/25/2022,$86.385,2135770,$86.55,$87.0075,$85.955
11/23/2022,$86.55,5843378,$86.00,$87.815,$85.045
11/22/2022,$85.835,7098444,$85.6925,$86.035,$84.625
11/21/2022,$85.31,13460686,$83.255,$86.785,$82.535
11/18/2022,$83.74,26790000,$85.6375,$86.50,$83.035
11/17/2022,$78.28,16640568,$78.00,$78.7562,$75.745
11/16/2022,$79.545,11889160,$80.00,$80.30,$77.935
11/15/2022,$81.19,9947918,$83.20,$83.525,$80.9102
11/14/2022,$80.865,7206908,$82.84,$82.895,$80.7564
11/11/2022,$82.66,8047556,$82.0125,$84.06,$81.45
11/10/2022,$81.73,11988254,$82.495,$83.405,$79.105
11/09/2022,$75.785,7058000,$76.66,$77.145,$75.575
11/08/2022,$77.085,11929820,$74.62,$77.6825,$73.5617
11/07/2022,$72.225,10879548,$71.425,$72.665,$70.26
11/04/2022,$71.105,20263200,$75.425,$75.89,$70.0375
11/03/2022,$74.85,22368180,$77.1375,$77.345,$73.11
11/02/2022,$80.89,9373120,$85.78,$85.78,$80.705
11/01/2022,$85.385,4342004,$86.97,$88.05,$84.79
10/31/2022,$85.795,6034762,$85.14,$86.4975,$84.75
10/28/2022,$85.54,3775924,$83.95,$85.74,$83.1209
10/27/2022,$84.07,5020888,$84.815,$85.245,$82.905
10/26/2022,$83.365,4924332,$82.00,$84.79,$81.50
10/25/2022,$83.095,8484450,$81.43,$83.54,$81.025
10/24/2022,$80.67,8490930,$80.705,$81.28,$78.71
10/21/2022,$81.015,14792524,$79.09,$81.335,$78.145
10/20/2022,$79.285,6665838,$79.75,$81.115,$78.68
10/19/2022,$80.055,4498038,$80.565,$81.96,$79.675
10/18/2022,$81.685,6337024,$81.64,$83.395,$80.84
10/17/2022,$79.27,5601052,$79.425,$80.47,$79.12
10/14/2022,$77.415,6052046,$79.54,$80.0025,$77.205
10/13/2022,$78.945,10201620,$75.475,$79.665,$74.005
10/12/2022,$77.655,6581538,$78.00,$78.90,$76.585
10/11/2022,$78.685,9507004,$80.625,$80.805,$77.835
10/10/2022,$81.57,6785072,$84.755,$85.24,$80.805
10/07/2022,$84.955,5667252,$86.07,$86.89,$84.6741
10/06/2022,$87.375,4766376,$87.65,$89.50,$87.225
10/05/2022,$87.825,4425022,$85.395,$88.285,$85.25
10/04/2022,$86.92,6715768,$86.7175,$87.725,$86.25
10/03/2022,$84.845,7546044,$83.00,$85.48,$82.78
09/30/2022,$81.895,6311688,$82.345,$83.935,$81.86
09/29/2022,$82.79,5833674,$82.45,$83.39,$80.82
09/28/2022,$83.40,6713588,$81.855,$83.858,$81.55
09/27/2022,$81.83,5905608,$82.82,$83.37,$81.3301
09/26/2022,$81.585,7686976,$81.08,$83.41,$80.945
09/23/2022,$80.785,6931298,$82.125,$82.97,$80.27
09/22/2022,$83.09,7301350,$84.775,$85.87,$82.66
09/21/2022,$85.56,5977306,$88.20,$88.715,$85.555
09/20/2022,$87.51,7856358,$87.45,$88.3475,$86.843
09/19/2022,$87.675,7492172,$85.595,$87.88,$85.50
09/16/2022,$87.045,14038904,$88.375,$88.62,$85.77
09/15/2022,$89.81,10412942,$90.555,$90.98,$89.08
09/14/2022,$91.03,11333918,$91.875,$91.98,$89.42
09/13/2022,$91.48,8773000,$92.33,$92.7201,$91.3533
09/12/2022,$94.68,7888617,$94.36,$94.9997,$93.635
09/09/2022,$94.1283,7714749,$92.6666,$94.7083,$92.1833
09/08/2022,$91.2083,5984456,$89.91,$91.53,$89.1683
09/07/2022,$90.00,6759159,$88.4233,$90.2316,$87.7366
09/06/2022,$88.4233,8857318,$88.9966,$89.3091,$86.3883
09/02/2022,$89.8666,7095135,$91.3166,$92.2541,$89.6083
09/01/2022,$90.8583,8728407,$91.4083,$92.1733,$89.0433
08/31/2022,$92.8016,7062819,$94.4983,$95.4999,$92.28
08/30/2022,$93.28,6917175,$94.025,$94.813,$92.4033
08/29/2022,$93.165,8106813,$92.50,$94.3933,$92.0983
08/26/2022,$93.4483,7468419,$95.6533,$96.25,$93.4466
08/25/2022,$95.93,7826841,$95.00,$96.465,$94.7133
08/24/2022,$94.135,9555046,$95.0833,$95.3333,$93.835
08/23/2022,$94.9183,36726255,$93.2533,$95.4333,$92.00
08/22/2022,$84.675,19210766,$84.3533,$85.73,$83.4351
08/19/2022,$85.585,6749619,$85.5083,$86.5083,$84.6683
08/18/2022,$86.3083,6173156,$86.2033,$86.8583,$85.405
08/17/2022,$85.7516,6556197,$86.2666,$86.5338,$84.4758
08/16/2022,$87.425,7317603,$87.615,$87.7266,$85.855
08/15/2022,$87.9616,5633108,$86.7416,$88.2266,$86.7416
08/12/2022,$87.8133,5020598,$88.075,$88.27,$86.85
08/11/2022,$86.085,7137987,$88.3333,$89.515,$85.4016
08/10/2022,$86.9733,6775995,$85.7866,$87.3166,$85.3333
08/09/2022,$83.395,8474835,$83.1233,$84.1398,$82.00
08/08/2022,$83.5116,6500955,$83.9933,$85.965,$83.335
08/05/2022,$83.5616,10114144,$83.00,$83.6666,$81.4333
08/04/2022,$83.6166,16838383,$85.17,$85.6666,$80.6783
08/03/2022,$88.1783,6563691,$86.3866,$88.3883,$85.8416
08/02/2022,$85.115,5960786,$83.7166,$86.4116,$83.6683
08/01/2022,$84.61,7478253,$83.2933,$85.2966,$82.5416
07/29/2022,$83.1833,7094529,$82.035,$83.22,$81.2525
07/28/2022,$82.035,7414719,$79.6833,$82.3958,$78.5516
07/27/2022,$79.68,7429203,$79.2533,$80.5716,$77.84
07/26/2022,$77.5366,14396112,$83.6066,$83.7633,$77.2016
07/25/2022,$84.2116,4274780,$85.3266,$85.6666,$83.3016
07/22/2022,$85.195,4877480,$86.5166,$87.335,$84.5575
07/21/2022,$85.7233,10271830,$83.6833,$85.82,$83.2141
07/20/2022,$84.0333,9208672,$85.1816,$85.4483,$82.84
07/19/2022,$85.60,4016840,$84.7816,$85.9333,$84.0451
07/18/2022,$84.3066,4776986,$85.9583,$86.5283,$84.1483
07/15/2022,$84.8266,6557079,$81.765,$85.2963,$81.765
07/14/2022,$81.6666,9510682,$81.6066,$81.9633,$79.6666
07/13/2022,$82.235,6464745,$80.6533,$83.28,$79.965
07/12/2022,$82.0966,8231787,$86.745,$87.7866,$81.4933
07/11/2022,$85.985,3875222,$86.455,$86.83,$85.1666
07/08/2022,$87.37,4792994,$85.325,$87.5816,$84.365
07/07/2022,$86.2083,7768305,$85.8266,$87.2566,$85.26
07/06/2022,$85.8266,8503341,$87.5916,$87.6116,$85.2833
07/05/2022,$86.8566,8163909,$84.00,$87.0683,$83.415
07/01/2022,$84.7083,7050099,$82.50,$85.0708,$82.0735
06/30/2022,$82.3233,8684211,$81.37,$83.2583,$80.3466
06/29/2022,$81.9666,4294520,$82.00,$82.50,$80.4183
06/28/2022,$81.985,6414945,$84.22,$84.9166,$80.7766
06/27/2022,$83.6466,8906152,$85.7033,$85.7649,$83.0925
06/24/2022,$85.1183,21630597,$84.9133,$85.765,$83.6008
06/23/2022,$83.845,6506847,$83.015,$84.345,$82.3633
06/22/2022,$82.3866,7472121,$82.245,$84.9333,$82.0775
06/21/2022,$83.2266,11858417,$80.4366,$83.5575,$80.3433
06/17/2022,$79.2266,8675619,$78.0433,$80.4408,$77.9516
06/16/2022,$77.7183,8202603,$78.9083,$79.975,$76.6244
06/15/2022,$81.17,6232166,$81.1483,$82.6466,$79.7816
06/14/2022,$80.2716,6388179,$80.2966,$81.5516,$79.3333
06/13/2022,$79.6216,9600742,$79.075,$80.9616,$77.5366
06/10/2022,$82.5366,9126016,$84.4716,$84.7033,$81.7163
06/09/2022,$86.025,5893292,$86.7916,$88.0783,$85.6766
06/08/2022,$87.48,4851746,$87.585,$89.1367,$86.9775
06/07/2022,$87.8333,5807942,$84.6916,$88.15,$84.50
06/06/2022,$85.67,3545581,$86.06,$86.5816,$84.325
06/03/2022,$85.43,5687810,$85.0133,$86.43,$83.71
06/02/2022,$86.2233,7590753,$83.135,$86.935,$83.0633
06/01/2022,$83.6216,8323305,$84.5366,$87.125,$83.2616
05/31/2022,$83.7966,13962858,$84.0833,$84.5275,$82.5566
05/27/2022,$84.4666,7345719,$85.2816,$86.1666,$83.8333
05/26/2022,$83.6816,10666072,$84.0083,$84.775,$82.7733
05/25/2022,$84.2516,13017341,$79.0666,$85.7706,$79.0666
05/24/2022,$79.5233,13402805,$81.9633,$82.6058,$78.3516
05/23/2022,$83.3783,17743207,$80.6141,$84.1583,$80.3583
05/20/2022,$79.78,35400290,$81.34,$82.1615,$76.7403
05/19/2022,$72.7283,24239512,$71.24,$74.0716,$70.258
05/18/2022,$73.10,15742890,$77.7016,$79.1666,$72.3216
05/17/2022,$78.8783,9620776,$80.4266,$81.0733,$76.57
05/16/2022,$78.03,11160634,$81.97,$84.0783,$77.73
05/13/2022,$81.835,9967456,$81.5566,$83.2633,$80.895
05/12/2022,$79.7516,12362483,$76.72,$81.445,$75.0508
05/11/2022,$77.7783,12789245,$78.82,$83.30,$76.3733
05/10/2022,$80.6733,12334985,$79.9116,$82.145,$77.6268
05/09/2022,$76.585,18901322,$82.02,$82.02,$75.765
05/06/2022,$84.145,11784863,$86.5183,$88.05,$83.4404
05/05/2022,$88.2733,10880530,$92.0033,$92.4278,$86.2366
05/04/2022,$92.2116,15763182,$93.16,$93.6516,$86.4066
05/03/2022,$92.99,9051064,$95.2483,$95.3716,$90.6933
05/02/2022,$95.325,6012494,$93.0433,$95.4783,$92.3316
04/29/2022,$93.5466,7372563,$97.6483,$98.8116,$92.905
04/28/2022,$98.1233,4786532,$97.9716,$99.275,$95.3883
04/27/2022,$96.47,6760071,$96.3483,$98.9283,$94.865
04/26/2022,$96.7983,5485586,$98.8333,$99.8083,$96.705
04/25/2022,$99.955,10622158,$95.4166,$100.1241,$95.4116
04/22/2022,$95.2633,8793388,$98.40,$99.53,$94.8483
04/21/2022,$98.6666,10383904,$105.1516,$106.5599,$98.10
04/20/2022,$104.3616,4971518,$104.905,$106.8166,$103.2702
04/19/2022,$104.76,4821776,$102.6633,$105.27,$101.895
04/18/2022,$102.965,3900128,$103.5283,$104.9723,$102.7283
04/14/2022,$104.4633,5736482,$105.00,$105.7766,$104.0516
04/13/2022,$104.835,7379529,$102.5083,$105.9466,$101.7516
04/12/2022,$101.9816,5395904,$102.5733,$104.4383,$101.665
04/11/2022,$101.8166,7319979,$100.3175,$103.1586,$99.5833
04/08/2022,$101.3716,5668352,$102.0933,$102.37,$100.5775
04/07/2022,$102.745,6510303,$100.6333,$103.4775,$100.6333
04/06/2022,$101.1333,8455545,$101.255,$102.275,$100.1866
04/05/2022,$103.5233,7378845,$104.6666,$105.2066,$101.81
04/04/2022,$104.6833,6980763,$102.6933,$104.96,$102.25
04/01/2022,$101.8516,8058135,$103.55,$105.0216,$100.9233
03/31/2022,$103.7516,9667198,$102.57,$105.9816,$102.4233
03/30/2022,$102.625,8874616,$102.275,$104.5983,$102.1166
03/29/2022,$102.7516,15066798,$103.7566,$103.96,$99.4233
03/28/2022,$104.2083,7957407,$102.8666,$104.915,$102.8266
03/25/2022,$103.7333,13463969,$104.075,$104.075,$100.535
03/24/2022,$103.6933,11228968,$100.8333,$103.8316,$100.1266
03/23/2022,$100.6733,11803343,$98.115,$103.29,$97.6666
03/22/2022,$99.57,14499210,$96.6666,$101.535,$96.6666
03/21/2022,$96.20,9301396,$95.8266,$96.3741,$93.435
03/18/2022,$96.17,13005335,$94.5966,$96.2533,$93.2716
03/17/2022,$94.0266,10626664,$92.0283,$94.56,$90.8333
03/16/2022,$92.32,11625569,$90.95,$92.6083,$87.9716
03/15/2022,$90.01,7617267,$88.2216,$90.3283,$84.8533
03/14/2022,$87.5516,9623500,$89.73,$90.8716,$85.925
03/11/2022,$91.005,7054863,$93.2033,$93.2033,$90.8416
03/10/2022,$91.975,6448155,$91.6083,$93.325,$90.6233
03/09/2022,$92.485,10389742,$89.7833,$93.5916,$89.5016
03/08/2022,$87.525,9467896,$88.50,$90.5983,$87.0016
03/07/2022,$88.9183,13939926,$93.255,$93.85,$88.4633
03/04/2022,$92.9183,11183578,$94.835,$96.2466,$91.9183
03/03/2022,$95.5683,8665803,$97.1316,$98.50,$94.8384
03/02/2022,$97.01,10404832,$97.2283,$97.6433,$94.65
03/01/2022,$96.125,16498831,$98.565,$99.8266,$95.2816
02/28/2022,$99.0416,22711551,$96.1461,$99.2166,$94.835
02/25/2022,$94.9583,22005183,$88.53,$95.165,$88.4066
02/24/2022,$89.99,30082980,$77.8433,$90.1116,$77.75
02/23/2022,$79.6016,26037772,$84.3666,$85.2266,$78.6716
02/22/2022,$79.2516,19244396,$80.1718,$81.1609,$77.7616
02/18/2022,$80.3616,10063528,$83.175,$83.4883,$80.2333
02/17/2022,$83.19,7322205,$86.605,$87.2583,$82.8333
02/16/2022,$87.735,5783594,$86.4766,$88.33,$85.7591
02/15/2022,$87.7333,7201347,$87.8366,$89.2716,$86.9666
02/14/2022,$86.8366,6824943,$84.3133,$87.8749,$84.3133
02/11/2022,$85.025,7041099,$88.6533,$89.3333,$84.4516
02/10/2022,$87.9583,5268398,$86.9283,$89.61,$86.8333
02/09/2022,$89.0816,6468615,$86.6666,$89.54,$86.4433
02/08/2022,$85.5416,7939887,$85.055,$86.3241,$84.1683
02/07/2022,$85.1633,4217240,$85.4516,$86.96,$84.92
02/04/2022,$85.9166,8936188,$81.8616,$86.5333,$81.335
02/03/2022,$82.0683,6310041,$82.9066,$84.87,$81.795
02/02/2022,$84.90,6326817,$86.1416,$86.3816,$84.2333
02/01/2022,$85.4766,8433189,$86.31,$86.6666,$83.8716
01/31/2022,$86.2333,10125040,$82.695,$86.5266,$82.695
01/28/2022,$82.695,8245905,$81.275,$83.3891,$80.0316
01/27/2022,$80.87,10016824,$80.915,$84.0716,$80.7133
01/26/2022,$79.3733,11527649,$80.6666,$83.465,$78.8333
01/25/2022,$79.245,11380583,$83.1733,$83.2866,$79.19
01/24/2022,$84.035,17555473,$79.0866,$84.8783,$75.96
01/21/2022,$80.605,15534888,$85.9416,$86.3016,$80.4266
01/20/2022,$86.6116,10086436,$86.8016,$89.48,$86.5133
01/19/2022,$86.6016,12321131,$84.0616,$87.8987,$83.7683
01/18/2022,$83.7283,9924808,$81.6033,$86.6666,$81.5766
01/14/2022,$83.185,8197047,$81.925,$83.53,$81.0666
01/13/2022,$83.10,9814684,$88.67,$89.013,$82.67
01/12/2022,$88.67,6080168,$88.1016,$89.6333,$86.38
01/11/2022,$87.675,7239351,$85.7866,$88.2833,$85.3066
01/10/2022,$87.1016,14975694,$85.6323,$87.4295,$82.00
01/07/2022,$87.5816,13586411,$87.8098,$91.3666,$87.3833
01/06/2022,$88.8183,16553443,$83.50,$90.1666,$82.835
01/05/2022,$84.1433,7493859,$85.5421,$86.7483,$83.61
01/04/2022,$87.3333,9586060,$89.575,$90.7216,$85.5566
01/03/2022,$90.7016,7803921,$93.0733,$93.3991,$89.64
12/31/2021,$92.7933,2846131,$93.57,$94.1537,$92.7033
12/30/2021,$93.57,3285607,$93.9333,$94.3333,$93.1449
12/29/2021,$93.9333,3146599,$94.03,$94.2066,$92.2416
12/28/2021,$94.1183,3755642,$95.05,$95.3608,$93.4183
12/27/2021,$94.7233,4949144,$93.7916,$95.445,$93.465
12/23/2021,$93.63,6185522,$92.48,$94.4733,$92.3333
12/22/2021,$92.46,8374563,$88.43,$92.5233,$88.43
12/21/2021,$89.605,6857079,$88.8283,$89.64,$86.2666
12/20/2021,$88.265,5348156,$86.6733,$88.75,$86.4166
12/17/2021,$88.3566,35245142,$85.5483,$88.83,$84.8416
12/16/2021,$87.285,7360869,$90.025,$90.4915,$87.1666
12/15/2021,$90.0483,9417118,$85.785,$90.1666,$85.4166
12/14/2021,$85.4166,9263026,$87.15,$88.405,$84.275
12/13/2021,$89.1533,6895185,$89.9866,$90.3316,$88.3782
12/10/2021,$88.6416,7306143,$87.7516,$89.8591,$87.2687
12/09/2021,$87.9216,7081509,$88.5183,$89.6475,$87.595
12/08/2021,$88.4383,4437740,$87.00,$88.9066,$86.46
12/07/2021,$87.2383,8538675,$86.22,$88.76,$85.73
12/06/2021,$83.5366,12422861,$86.2775,$86.5333,$83.0383
12/03/2021,$86.81,11460749,$89.2866,$90.5516,$86.42
12/02/2021,$89.2166,9516232,$88.0266,$91.1716,$87.8333
12/01/2021,$88.0266,10773550,$91.585,$92.50,$88.0016
11/30/2021,$91.1566,8941660,$92.00,$92.9983,$90.5183
11/29/2021,$91.8633,6526299,$90.0283,$92.24,$89.3166
11/26/2021,$88.8733,4044200,$90.2266,$91.8916,$88.4375
11/24/2021,$91.62,7491345,$88.805,$91.9883,$87.6047
11/23/2021,$88.8366,10167364,$88.2866,$90.92,$86.60
11/22/2021,$89.9933,17521669,$87.8275,$93.2566,$86.8333
11/19/2021,$88.39,22995693,$89.5333,$90.9816,$85.00
11/18/2021,$86.665,14548710,$85.2566,$87.0983,$83.9183
11/17/2021,$85.6266,7539759,$87.74,$88.5775,$84.6666
11/16/2021,$87.5233,7368561,$86.6666,$87.995,$86.0316
11/15/2021,$86.3433,5683076,$86.6666,$86.9466,$85.3416
11/12/2021,$85.8633,5287826,$85.585,$86.3283,$84.5216
11/11/2021,$84.6466,4417046,$83.9483,$84.9883,$83.8566
11/10/2021,$83.1983,6415671,$84.8333,$85.1941,$82.04
11/09/2021,$85.3866,6714945,$86.4016,$87.2866,$84.735
11/08/2021,$86.2166,8646447,$83.3333,$86.5683,$83.1583
11/05/2021,$82.2966,6501561,$82.2008,$83.275,$81.7533
11/04/2021,$82.305,9615640,$83.65,$84.5608,$80.8766
11/03/2021,$83.16,6096902,$84.745,$84.9283,$82.17
11/02/2021,$84.7433,4109792,$84.8333,$85.4533,$83.8333
11/01/2021,$84.7183,4322492,$85.085,$85.51,$83.8808
10/29/2021,$84.8483,4255862,$83.11,$85.0416,$82.9804
10/28/2021,$83.065,4353140,$82.175,$83.325,$82.085
10/27/2021,$82.1433,4932494,$81.6783,$83.35,$81.425
10/26/2021,$81.0916,14008890,$83.29,$83.601,$79.86
10/25/2021,$82.9616,7002699,$84.58,$85.3833,$82.5216
10/22/2021,$84.0216,6610641,$84.50,$85.645,$83.1983
10/21/2021,$84.6666,10770328,$85.1266,$85.1266,$83.0533
10/20/2021,$85.32,4915142,$85.8966,$86.575,$84.4183
10/19/2021,$85.415,4963652,$86.0083,$86.16,$84.5516
10/18/2021,$85.8616,5369228,$85.00,$85.9766,$84.6416
10/15/2021,$84.6416,6983139,$83.90,$85.49,$83.90
10/14/2021,$83.83,5563718,$84.535,$85.6849,$83.68
10/13/2021,$84.0816,4851158,$84.2016,$84.8975,$83.585
10/12/2021,$84.2066,7261065,$83.8333,$85.00,$83.5473
10/11/2021,$83.3016,4372664,$82.0183,$83.6009,$81.35
10/08/2021,$82.1316,4676024,$82.3333,$83.4266,$81.7733
10/07/2021,$82.28,7691961,$81.27,$83.7033,$81.2366
10/06/2021,$81.0216,5525540,$78.8783,$81.3316,$78.8216
10/05/2021,$79.265,5410718,$78.7466,$79.8366,$78.52
10/04/2021,$78.2566,7993329,$80.81,$80.81,$77.1883
10/01/2021,$81.085,5683976,$80.0883,$81.1966,$79.1216
09/30/2021,$79.8333,4669826,$78.8183,$80.055,$78.75
09/29/2021,$78.845,4609640,$79.6683,$80.0833,$78.09
09/28/2021,$79.3916,7769949,$80.015,$80.20,$78.5233
09/27/2021,$81.0066,8248605,$80.93,$81.4283,$80.35
09/24/2021,$81.745,12080285,$80.0266,$81.8316,$80.0216
09/23/2021,$80.525,6594579,$79.68,$80.9616,$79.4014
09/22/2021,$79.3283,6875163,$79.2433,$79.7683,$78.3383
09/21/2021,$78.8383,5623832,$79.3333,$79.6308,$78.7516
09/20/2021,$79.065,6871299,$78.2683,$79.555,$78.0483
09/17/2021,$79.395,10080466,$80.8333,$80.9916,$79.1916
09/16/2021,$80.8133,5806658,$80.065,$80.8333,$79.4791
09/15/2021,$79.99,7688337,$80.7583,$80.9983,$79.0266
09/14/2021,$80.805,14788668,$81.3183,$82.6533,$80.2583
09/13/2021,$79.3533,15030096,$78.6683,$80.9583,$76.4316
09/10/2021,$78.3166,8566263,$79.1933,$79.8333,$77.535
09/09/2021,$77.75,5544386,$77.6183,$78.2216,$77.29
09/08/2021,$77.6216,6315627,$76.9216,$77.965,$76.4166
09/07/2021,$77.1066,5643812,$78.3333,$78.3416,$76.8866
09/03/2021,$78.0366,5676218,$76.50,$78.0733,$76.4267
09/02/2021,$77.0916,6735279,$76.8833,$77.9133,$76.6441
09/01/2021,$76.7166,8015529,$76.16,$77.0516,$75.9666
08/31/2021,$76.84,7593135,$77.195,$77.2566,$75.80
08/30/2021,$76.4683,7529493,$77.1666,$77.4831,$76.095
08/27/2021,$76.88,8188329,$76.615,$77.2383,$76.0216
08/26/2021,$76.24,17068939,$74.6666,$76.6216,$74.5083
08/25/2021,$74.5083,21706179,$73.3333,$74.9633,$72.5833
08/24/2021,$73.645,66796107,$70.6083,$74.4849,$69.90
08/23/2021,$62.095,17323333,$61.4516,$62.355,$61.2016
08/20/2021,$61.2433,7220637,$60.6266,$61.5033,$60.4966
08/19/2021,$60.4833,7371441,$59.9466,$60.9116,$59.7277
08/18/2021,$60.3933,5522858,$61.00,$61.33,$60.1233
08/17/2021,$60.9616,4420658,$61.5516,$61.7033,$60.4467
08/16/2021,$61.72,4592198,$62.0833,$62.7666,$61.5166
08/13/2021,$62.34,6535311,$61.8166,$62.70,$61.6667
08/12/2021,$61.50,6524751,$60.93,$62.285,$60.93
08/11/2021,$60.9133,12458633,$62.5983,$62.7833,$60.8241
08/10/2021,$62.8333,7237767,$64.9916,$65.1366,$62.8283
08/09/2021,$64.7466,3585433,$64.7183,$65.3758,$64.4733
08/06/2021,$64.3933,8620743,$66.1166,$66.2766,$64.00
08/05/2021,$67.2733,3381859,$67.475,$67.82,$66.8533
08/04/2021,$67.2216,3050005,$66.565,$67.4983,$66.4058
08/03/2021,$66.3883,3392263,$66.755,$67.4246,$66.0416
08/02/2021,$66.72,2772199,$66.6666,$67.3333,$65.715
07/30/2021,$66.5083,4379324,$66.50,$67.0716,$66.2517
07/29/2021,$66.50,3296881,$66.4833,$67.5266,$66.3583
07/28/2021,$66.5766,2911501,$66.3416,$67.00,$65.8233
07/27/2021,$66.2516,3318385,$66.6666,$66.83,$65.045
07/26/2021,$66.4983,3081169,$66.3283,$66.8533,$65.6083
07/23/2021,$66.9366,4001426,$66.325,$67.3416,$66.0133
07/22/2021,$66.3933,5304032,$65.64,$66.6466,$65.1683
07/21/2021,$65.3033,6530961,$66.6966,$66.8316,$64.8616
07/20/2021,$66.8316,7316919,$65.3383,$67.02,$65.1016
07/19/2021,$64.9066,5548634,$63.9816,$65.0783,$63.6666
07/16/2021,$64.7166,5623682,$64.77,$65.4792,$64.5941
07/15/2021,$64.64,6755853,$64.44,$65.0345,$63.8366
07/14/2021,$64.3833,4090046,$65.285,$65.325,$64.3033
07/13/2021,$64.6666,5396258,$64.8333,$65.56,$64.51
07/12/2021,$64.755,5293748,$65.25,$65.7783,$64.6666
07/09/2021,$65.04,4877390,$64.2633,$65.6916,$63.9883
07/08/2021,$64.4183,5632982,$63.355,$64.7233,$62.9554
07/07/2021,$64.4983,7186353,$65.3166,$65.5883,$63.8683
07/06/2021,$65.3166,11936231,$62.9683,$65.5716,$62.9466
07/02/2021,$62.1366,3690985,$62.2333,$62.6179,$61.8883
07/01/2021,$61.7816,4442168,$61.6666,$62.115,$61.0483
06/30/2021,$61.8416,6349749,$62.2516,$62.4133,$61.70
06/29/2021,$62.6116,2887717,$63.1666,$63.4608,$62.2116
06/28/2021,$63.0783,6169310,$63.2583,$64.4533,$62.9283
06/25/2021,$62.595,11879321,$62.4416,$63.0633,$61.9833
06/24/2021,$62.10,3609283,$61.8466,$62.615,$61.675
06/23/2021,$61.3983,3542221,$60.9566,$61.75,$60.9283
06/22/2021,$60.90,5630498,$61.6666,$62.1283,$60.4666
06/21/2021,$61.8233,3745603,$61.7216,$61.9766,$60.7183
06/18/2021,$61.9516,8630685,$62.30,$63.215,$61.5833
06/17/2021,$62.0116,8026755,$60.48,$62.315,$60.045
06/16/2021,$60.5833,4773968,$60.6916,$61.0433,$59.9916
06/15/2021,$60.14,3421723,$61.1666,$61.1666,$59.9216
06/14/2021,$61.2583,4716500,$60.8866,$61.6375,$60.7733
06/11/2021,$60.9733,4804970,$60.4083,$61.2416,$60.4083
06/10/2021,$60.4083,4843802,$58.67,$60.4383,$58.50
06/09/2021,$58.7316,2443987,$59.275,$59.2833,$58.72
06/08/2021,$58.89,4294970,$59.8233,$60.4016,$58.6016
06/07/2021,$59.395,3096637,$59.3333,$59.9093,$59.0833
06/04/2021,$59.5583,3388069,$58.855,$59.5866,$58.7037
06/03/2021,$58.5216,6225848,$59.30,$59.4166,$58.4933
06/02/2021,$59.6116,4709426,$59.99,$60.5466,$59.3083
06/01/2021,$60.0583,4423256,$61.0083,$61.25,$59.76
05/28/2021,$60.5416,8257965,$61.2866,$61.8166,$60.275
05/27/2021,$61.21,6506163,$61.295,$61.80,$60.0475
05/26/2021,$61.295,6183368,$61.315,$62.3816,$61.075
05/25/2021,$60.8466,6524007,$61.3933,$61.6133,$60.3866
05/24/2021,$60.7533,7980195,$60.1583,$61.6666,$59.845
05/21/2021,$60.4083,22633563,$60.315,$61.0716,$59.3516
05/20/2021,$57.0983,12509117,$56.24,$57.45,$56.1883
05/19/2021,$55.93,6582213,$55.90,$56.39,$55.3033
05/18/2021,$56.6816,6826395,$56.8416,$57.725,$56.57
05/17/2021,$55.9666,4873094,$56.3133,$56.7566,$55.2616
05/14/2021,$56.1366,6426723,$54.69,$56.46,$54.69
05/13/2021,$53.98,8330961,$55.965,$56.1841,$53.7041
05/12/2021,$55.8483,5297018,$56.2983,$56.6966,$55.4983
05/11/2021,$57.2383,4353458,$55.46,$57.5533,$55.46
05/10/2021,$56.89,3654169,$57.2133,$57.6666,$56.4933
05/07/2021,$57.0566,3763256,$57.2183,$57.4083,$56.6716
05/06/2021,$56.24,4508492,$56.6883,$56.6883,$55.4516
05/05/2021,$56.8633,2211667,$57.9283,$58.175,$56.535
05/04/2021,$57.60,5207630,$57.7383,$57.9258,$56.506
05/03/2021,$58.18,3998768,$59.2616,$59.3033,$58.175
04/30/2021,$58.8983,3657973,$58.7316,$59.9216,$58.7316
04/29/2021,$59.1916,3246415,$60.1983,$60.1983,$58.6666
04/28/2021,$60.0266,3785906,$59.9333,$60.50,$59.1716
04/27/2021,$59.7466,4932422,$60.18,$60.283,$59.2133
04/26/2021,$60.245,3674005,$60.1483,$60.5466,$59.575
04/23/2021,$59.7366,4691888,$59.2516,$59.9366,$58.8583
04/22/2021,$58.8016,6290019,$59.1666,$59.6666,$58.5283
04/21/2021,$59.435,7360905,$60.00,$60.1233,$58.9716
04/20/2021,$60.00,3940532,$61.16,$61.4794,$59.6316
04/19/2021,$61.16,5043848,$60.8333,$61.435,$60.2916
04/16/2021,$61.1083,4842764,$61.68,$61.8966,$60.8675
04/15/2021,$61.73,6396933,$60.9666,$62.1683,$60.8635
04/14/2021,$60.1633,5244908,$60.41,$61.125,$59.8933
04/13/2021,$59.9833,4504916,$59.4366,$60.865,$59.4366
04/12/2021,$59.2266,7714005,$57.9816,$60.1883,$57.9816
04/09/2021,$58.2516,5487110,$57.285,$58.2866,$56.79
04/08/2021,$57.2083,5916872,$57.0816,$57.9616,$56.8658
04/07/2021,$56.4283,5571536,$56.03,$56.715,$55.6987
04/06/2021,$56.23,7903401,$54.9766,$56.8833,$54.765
04/05/2021,$55.1716,5005076,$55.50,$56.0075,$54.9883
04/01/2021,$54.675,5973794,$54.50,$55.4608,$54.3083
03/31/2021,$53.6766,7327449,$53.5416,$54.2383,$53.2266
03/30/2021,$53.0016,4550144,$52.9766,$53.455,$52.2116
03/29/2021,$53.3716,4660406,$53.1666,$53.9883,$52.6166
03/26/2021,$53.285,7833669,$53.8333,$54.0666,$51.9533
03/25/2021,$53.9133,7372239,$52.9616,$54.2398,$52.8575
03/24/2021,$53.50,6096134,$54.1666,$54.4916,$53.4283
03/23/2021,$53.9333,6999435,$53.9833,$54.5466,$53.80
03/22/2021,$53.9066,9270610,$52.8333,$54.4366,$52.7983
03/19/2021,$52.8083,11835059,$52.925,$53.1183,$51.9266
03/18/2021,$52.925,13005011,$54.5006,$55.00,$52.705
03/17/2021,$56.1533,7272177,$56.215,$57.00,$55.1833
03/16/2021,$56.6666,3483877,$58.065,$58.4533,$56.225
03/15/2021,$57.3816,3552925,$57.0033,$57.3866,$56.115
03/12/2021,$57.0883,4193450,$56.6083,$57.1666,$56.3516
03/11/2021,$57.395,5014352,$57.00,$57.725,$56.5883
03/10/2021,$55.7816,9370174,$58.11,$58.8733,$55.68
03/09/2021,$57.07,8260587,$56.9066,$57.56,$56.505
03/08/2021,$55.2466,7586589,$56.3333,$57.44,$55.1266
03/05/2021,$55.7883,8324307,$56.3333,$56.4375,$53.488
03/04/2021,$55.94,7279185,$56.675,$57.50,$55.1416
03/03/2021,$57.2933,7876131,$58.9116,$59.135,$57.0783
03/02/2021,$59.11,8070411,$61.2516,$61.455,$59.0833
03/01/2021,$61.2316,5645228,$60.71,$61.3783,$60.3333
02/26/2021,$59.7183,10263976,$60.4716,$60.625,$58.8641
02/25/2021,$60.0066,8322999,$61.6666,$61.9883,$58.9291
02/24/2021,$61.6016,11208892,$62.50,$63.0333,$60.9166
02/23/2021,$62.9766,17139163,$63.00,$64.165,$58.6666
02/22/2021,$64.0583,15612618,$65.4016,$65.4745,$63.4783
02/19/2021,$66.15,9182620,$66.0066,$67.1666,$65.6683
02/18/2021,$65.0883,5152790,$65.1716,$65.7441,$64.4883
02/17/2021,$65.9033,5247734,$65.0833,$65.9175,$64.51
02/16/2021,$65.54,4558724,$66.3333,$66.6267,$64.585
02/12/2021,$65.8533,3193567,$65.4016,$65.9083,$65.1166
02/11/2021,$65.185,4309154,$66.0633,$66.2683,$64.4483
02/10/2021,$65.3683,4984874,$65.57,$66.272,$64.2466
02/09/2021,$65.1616,5257520,$64.1666,$65.3266,$63.5116
02/08/2021,$64.2333,6596943,$64.46,$65.15,$63.3633
02/05/2021,$63.3083,4961786,$63.8516,$64.375,$63.0916
02/04/2021,$63.7483,6341949,$62.9283,$64.0333,$62.1883
02/03/2021,$62.93,7645671,$64.5833,$64.8716,$62.4083
02/02/2021,$64.56,15039354,$62.2166,$65.0116,$61.98
02/01/2021,$60.2266,6793677,$59.1483,$60.8116,$59.1333
01/29/2021,$58.4583,6860295,$58.665,$59.02,$57.6052
01/28/2021,$58.8533,9528532,$56.6666,$59.11,$56.3333
01/27/2021,$55.8616,13287257,$58.1683,$58.1683,$55.7608
01/26/2021,$59.0433,7090203,$61.2083,$61.2083,$58.9566
01/25/2021,$60.13,5752586,$61.4283,$61.6666,$57.9183
01/22/2021,$60.77,2681575,$60.6783,$61.1166,$60.5833
01/21/2021,$60.9366,5933390,$62.0866,$62.3733,$60.6166
01/20/2021,$61.7583,3398959,$61.6666,$61.8966,$60.9266
01/19/2021,$60.675,5663624,$61.39,$61.5916,$60.535
01/15/2021,$60.8116,4871318,$61.0616,$62.00,$60.6317
01/14/2021,$60.5266,4861520,$61.0683,$61.6633,$60.5066
01/13/2021,$60.9666,7466805,$61.9666,$62.075,$60.3891
01/12/2021,$61.7466,4238336,$61.0033,$62.02,$60.765
01/11/2021,$60.80,4766444,$60.00,$61.3333,$59.7566
01/08/2021,$61.0916,6849369,$61.1666,$61.8533,$60.665
01/07/2021,$60.5183,8319039,$58.305,$60.62,$58.1833
01/06/2021,$57.5466,6739701,$57.6083,$58.4166,$57.1733
01/05/2021,$58.3583,6181046,$58.4583,$58.7983,$57.8283
01/04/2021,$58.61,8480367,$59.23,$59.23,$57.4083
12/31/2020,$59.2316,6726525,$59.50,$59.8116,$58.8366
12/30/2020,$59.2983,3671491,$59.7783,$60.1266,$59.2816
12/29/2020,$59.3666,6800829,$60.245,$60.4615,$58.9166
12/28/2020,$60.2466,8635359,$61.5816,$61.6983,$59.9333
12/24/2020,$61.19,3170779,$60.9916,$61.6666,$60.5916
12/23/2020,$60.8033,8142645,$62.4983,$62.50,$60.7025
12/22/2020,$62.01,12258803,$59.6816,$62.0833,$59.49
12/21/2020,$59.3366,14193702,$58.5833,$59.4833,$57.8816
12/18/2020,$59.255,21519807,$56.9133,$59.5816,$56.3333
12/17/2020,$55.2333,9747910,$54.085,$55.4616,$54.085
12/16/2020,$53.8883,6231032,$53.8283,$54.6341,$53.5191
12/15/2020,$52.9083,6305583,$52.80,$53.1166,$52.5083
12/14/2020,$52.38,6293193,$51.7833,$52.5666,$51.7833
12/11/2020,$51.655,3863048,$51.3333,$51.9116,$51.0083
12/10/2020,$51.3116,5491178,$50.2333,$51.3291,$50.00
12/09/2020,$50.3583,8246781,$51.0983,$51.4458,$49.755
12/08/2020,$51.7033,8691045,$50.575,$52.5183,$50.5016
12/07/2020,$50.4816,3454867,$50.6666,$50.795,$50.2924
12/04/2020,$50.715,7135959,$49.8333,$51.00,$49.4866
12/03/2020,$49.4383,8082525,$48.95,$49.83,$48.8033
12/02/2020,$48.8716,3915596,$48.9283,$48.9666,$48.3417
12/01/2020,$49.1383,5251970,$49.4916,$49.4916,$48.555
11/30/2020,$48.9866,4912256,$49.1716,$49.355,$48.2956
11/27/2020,$49.2183,2627269,$49.5483,$49.6283,$48.9169
11/25/2020,$49.5483,4298168,$49.5516,$49.75,$49.00
11/24/2020,$49.5283,5259854,$49.4666,$49.5683,$48.8333
11/23/2020,$49.34,6802803,$48.915,$49.4516,$48.075
11/20/2020,$48.6683,5634152,$48.00,$49.1541,$47.8533
11/19/2020,$47.92,6898701,$46.9166,$48.3033,$46.8333
11/18/2020,$46.8566,9827026,$48.3333,$48.6633,$46.8566
11/17/2020,$48.9516,20767916,$46.415,$49.195,$45.9333
11/16/2020,$46.4166,19898258,$44.9483,$46.51,$44.3816
11/13/2020,$43.1166,9738370,$42.2066,$43.49,$42.1666
11/12/2020,$41.9933,5463608,$42.0083,$42.3933,$41.54
11/11/2020,$42.1333,7106565,$41.3883,$42.4016,$41.0033
11/10/2020,$40.4533,6127760,$41.4033,$41.8933,$39.875
11/09/2020,$42.0216,6418113,$42.1983,$43.0133,$41.7166
11/06/2020,$41.6716,6233462,$40.6667,$41.8566,$40.5167
11/05/2020,$40.7033,6355893,$40.3483,$40.8975,$39.9546
11/04/2020,$39.1967,6100004,$38.3333,$39.85,$38.1417
11/03/2020,$37.9867,4536902,$37.3783,$38.275,$37.1658
11/02/2020,$36.975,4840736,$37.1317,$37.5817,$36.8283
10/30/2020,$36.865,7372827,$37.9883,$38.0683,$36.5567
10/29/2020,$38.1283,3998900,$37.655,$38.36,$37.635
10/28/2020,$37.655,4883342,$38.20,$38.20,$37.3817
10/27/2020,$38.59,3012001,$38.875,$39.0017,$38.54
10/26/2020,$38.6033,4476566,$39.265,$39.3558,$38.015
10/23/2020,$39.4233,3181495,$39.74,$39.7867,$39.24
10/22/2020,$39.60,4749386,$39.4917,$39.9467,$38.8883
10/21/2020,$39.3083,6799341,$39.8317,$39.925,$39.095
10/20/2020,$39.88,4444622,$40.4783,$40.9183,$39.8717
10/19/2020,$40.39,5385596,$41.2683,$41.5333,$40.115
10/16/2020,$41.06,6486063,$42.2266,$42.3116,$40.9183
10/15/2020,$41.97,3948818,$42.16,$42.5388,$41.575
10/14/2020,$42.6833,4928594,$42.75,$43.3583,$42.34
10/13/2020,$42.425,4377488,$42.1666,$42.585,$41.88
10/12/2020,$42.1833,3714463,$42.50,$42.665,$42.0866
10/09/2020,$42.0866,3804884,$42.04,$42.345,$41.70
10/08/2020,$41.585,4481480,$42.04,$42.22,$41.4167
10/07/2020,$41.8266,2829331,$41.5483,$42.1733,$41.275
10/06/2020,$41.2067,3415813,$41.2833,$42.0716,$41.0967
10/05/2020,$41.445,4977806,$40.945,$41.5933,$40.6683
10/02/2020,$40.86,4371866,$41.0533,$41.8933,$40.6133
10/01/2020,$41.755,6755895,$41.445,$42.13,$41.2717
09/30/2020,$40.7917,4067666,$40.7933,$41.3017,$40.635
09/29/2020,$41.0817,7391397,$40.9983,$41.4383,$40.9467
09/28/2020,$40.99,5834966,$40.7367,$41.2583,$40.6683
09/25/2020,$40.3567,6893979,$39.6733,$40.465,$39.37
09/24/2020,$39.665,4693130,$39.6767,$40.1225,$39.1958
09/23/2020,$39.855,6265095,$41.0833,$41.3152,$39.7517
09/22/2020,$41.0833,5449748,$40.675,$41.2933,$39.94
09/21/2020,$40.435,6230060,$39.6533,$40.63,$39.47
09/18/2020,$40.2667,7435641,$40.69,$40.7225,$39.6517
09/17/2020,$40.2383,9361480,$40.385,$40.5163,$39.7167
09/16/2020,$41.145,4714526,$41.4667,$41.7883,$41.135
09/15/2020,$41.3467,6357159,$41.3333,$41.6033,$40.8333
09/14/2020,$40.955,7004253,$41.00,$41.3083,$40.6817
09/11/2020,$40.49,9513466,$40.3333,$40.68,$39.7517
09/10/2020,$39.4933,6812973,$39.7917,$40.54,$39.4266
09/09/2020,$39.7333,5579270,$39.8733,$40.0083,$38.9317
09/08/2020,$38.9883,11830457,$38.3333,$39.6067,$38.085
09/04/2020,$39.275,11728679,$40.1067,$40.4617,$37.8583
09/03/2020,$40.3683,14443002,$42.2583,$42.2583,$39.755
09/02/2020,$42.91,6688263,$43.2416,$43.4416,$42.2666
09/01/2020,$43.0833,8840362,$43.15,$43.5183,$42.875
08/31/2020,$42.9016,8864566,$42.275,$43.04,$42.16
08/28/2020,$42.445,7823745,$42.8216,$43.0966,$42.1121
08/27/2020,$42.5616,13890570,$43.8333,$43.8333,$42.0183
08/26/2020,$43.9066,14063514,$43.50,$44.0983,$43.4351
08/25/2020,$43.4983,26867387,$43.33,$44.2534,$43.33
08/24/2020,$44.5116,19516280,$45.6683,$45.7283,$44.1268
08/21/2020,$44.8883,8677971,$45.6033,$45.8383,$44.7441
08/20/2020,$45.42,7485273,$44.7216,$45.5933,$44.53
08/19/2020,$44.9133,8371065,$44.4733,$45.3841,$43.9166
08/18/2020,$44.2933,4937894,$44.50,$44.9166,$44.0216
08/17/2020,$43.7433,3654949,$43.3666,$44.0316,$43.3333
08/14/2020,$43.185,2665117,$43.665,$43.7733,$43.0583
08/13/2020,$43.5933,2725549,$43.25,$43.9283,$42.8268
08/12/2020,$43.3033,2988769,$42.70,$43.62,$42.66
08/11/2020,$42.5383,3993860,$42.7433,$43.495,$42.3433
08/10/2020,$43.0383,4306520,$43.5416,$43.6193,$42.3083
08/07/2020,$43.5416,4956074,$44.1766,$44.29,$42.9435
08/06/2020,$44.3133,4170776,$44.1116,$44.32,$43.19
08/05/2020,$44.0166,8175099,$43.175,$44.3666,$42.9083
08/04/2020,$42.485,2316427,$42.1733,$42.4866,$41.7861
08/03/2020,$42.405,3179089,$42.6533,$42.7364,$42.105
07/31/2020,$42.6533,3393727,$42.1666,$42.6533,$41.245
07/30/2020,$41.965,4405466,$41.165,$42.1183,$40.9133
07/29/2020,$41.425,3065347,$41.2167,$41.9133,$41.205
07/28/2020,$40.8017,2145769,$41.25,$41.5933,$40.7683
07/27/2020,$41.2767,3118363,$40.8583,$41.3767,$40.5458
07/24/2020,$40.6283,3100969,$40.765,$40.9283,$40.25
07/23/2020,$41.4167,6676623,$41.6933,$42.50,$41.1867
07/22/2020,$41.7266,6045044,$41.8733,$42.55,$41.5017
07/21/2020,$41.5533,6103058,$42.055,$42.165,$41.3117
07/20/2020,$41.9333,5886218,$40.2433,$42.0616,$40.1683
07/17/2020,$39.9683,3318733,$39.7233,$40.1083,$39.2717
07/16/2020,$39.5633,5271776,$39.6733,$39.9183,$39.1317
07/15/2020,$40.0833,4662116,$41.085,$41.1242,$39.9117
07/14/2020,$40.8883,8929546,$40.0067,$40.9217,$39.265
07/13/2020,$40.1767,14930334,$41.7083,$42.64,$40.0929
07/10/2020,$41.4933,8173347,$41.4517,$41.50,$40.8717
07/09/2020,$41.43,11844137,$40.6617,$41.60,$40.3917
07/08/2020,$40.47,11723375,$39.00,$40.50,$38.9317
07/07/2020,$38.845,7535805,$39.2767,$39.8183,$38.80
07/06/2020,$39.3183,6132848,$38.7783,$39.755,$38.685
07/02/2020,$38.4217,8546313,$38.50,$38.8083,$38.22
07/01/2020,$38.2267,7942029,$38.235,$38.4917,$37.9533
