REPORTCALENDARORQUARTER,FILINGMANAGER_NAME,VALUE
31-DEC-2024,"Battery Global Advisors, LLC",795397
31-DEC-2024,Fairway Wealth LLC,3799
31-DEC-2024,LOUISBOURG INVESTMENTS INC.,9423085
31-DEC-2024,"LBMC INVESTMENT ADVISORS, LLC",7904904
31-DEC-2024,"LAM GROUP, INC.",455232
31-DEC-2024,Kentucky Retirement Systems Insurance Trust Fund,11138
31-DEC-2024,JDM Financial Group LLC,400913
31-DEC-2024,Indiana Trust & Investment Management Co,10203177
31-DEC-2024,Geo Capital Gestora de Recursos Ltd,7310
31-DEC-2024,"GILL CAPITAL PARTNERS, LLC",1738387
31-DEC-2024,"Frontier Asset Management, LLC",301394
31-DEC-2024,"Front Street Capital Management, Inc.",1337
31-DEC-2024,"Franklin, Parlapiano, Turner & Welch, LLC",480822
31-DEC-2024,Family CFO Inc,57488
31-DEC-2024,"Duncan Williams Asset Management, LLC",695888
31-DEC-2024,"Legacy Financial Advisors, Inc.",5245730
31-DEC-2024,"Diversified Portfolios, Inc.",1023466
31-DEC-2024,"Deane Retirement Strategies, Inc.",3370297
31-DEC-2024,Creative Capital Management Investments LLC,447695
31-DEC-2024,"CURIO WEALTH, LLC",1632540
31-DEC-2024,"Bear Mountain Capital, Inc.",990
31-DEC-2024,BAKER BOYER NATIONAL BANK,1721112
31-DEC-2024,"Asset Planning,Inc",7359545
31-DEC-2024,"American Money Management, LLC",7659893
31-DEC-2024,AllSquare Wealth Management LLC,1908523
31-DEC-2024,"AdvisorNet Financial, Inc",5037170
31-DEC-2024,"Acropolis Investment Management, LLC",6663975
31-DEC-2024,AMJ Financial Wealth Management,6135402
31-DEC-2024,LYNCH & ASSOCIATES/IN,5919828
31-DEC-2024,"Fusion Capital, LLC",1626807
31-DEC-2024,"Lindbrook Capital, LLC",12439547
31-DEC-2024,"TILIA FIDUCIARY PARTNERS, INC.",4230010
31-DEC-2024,"Your Advocates Ltd., LLP",22884
31-DEC-2024,"Wilson & Boucher Capital Management, LLC",942339
31-DEC-2024,Willis Investment Counsel,23093800
31-DEC-2024,"Westend Capital Management, LLC",17416
31-DEC-2024,"NBC SECURITIES, INC.",8176
31-DEC-2024,"Wellspring Financial Advisors, LLC",1434799
31-DEC-2024,"Waterway Wealth Management, LLC",456213
31-DEC-2024,Vigilare Wealth Management,3069920
31-DEC-2024,"Versant Capital Management, Inc",1702895
31-DEC-2024,"Valeo Financial Advisors, LLC",41612575
31-DEC-2024,"VISTA CAPITAL PARTNERS, INC.",1800141
31-DEC-2024,VICUS CAPITAL,5796277
31-DEC-2024,Tredje AP-fonden,538902161
31-DEC-2024,"Westchester Capital Management, Inc.",20960669
31-DEC-2024,"Sugarloaf Wealth Management, LLC",788072
31-DEC-2024,Pointe Capital Management LLC,2584702
31-DEC-2024,"Scott & Selber, Inc.",13831
31-DEC-2024,NewSquare Capital LLC,305720
31-DEC-2024,North Star Investment Management Corp.,13959211
31-DEC-2024,"Parallel Advisors, LLC",56633084
31-DEC-2024,"Persium Advisors, LLC",526822
31-DEC-2024,PENN DAVIS MCFARLAND INC,126719759
31-DEC-2024,"RVW Wealth, LLC",895780
31-DEC-2024,Richardson Capital Management LLC,408227
31-DEC-2024,"Rock Point Advisors, LLC",6507728
31-DEC-2024,SAYBROOK CAPITAL /NC,67633195
30-SEP-2024,LOUISBOURG INVESTMENTS INC.,8996459
30-SEP-2024,"Pinnacle Wealth Planning Services, Inc.",6041044
30-SEP-2024,"LBMC INVESTMENT ADVISORS, LLC",6934488
30-SEP-2024,LYNCH & ASSOCIATES/IN,5064094
30-SEP-2024,"Legacy Financial Advisors, Inc.",4476502
30-SEP-2024,"Lindbrook Capital, LLC",10595304
30-SEP-2024,"NBC SECURITIES, INC.",7179
30-SEP-2024,NewSquare Capital LLC,176630
30-SEP-2024,North Star Investment Management Corp.,12163889
30-SEP-2024,PENN DAVIS MCFARLAND INC,110849565
30-SEP-2024,"Parallel Advisors, LLC",47231809
30-SEP-2024,"Scott & Selber, Inc.",12426
30-SEP-2024,Pointe Capital Management LLC,1132258
30-SEP-2024,"RVW Wealth, LLC",799184
30-SEP-2024,Richardson Capital Management LLC,70101
30-SEP-2024,"Rock Point Advisors, LLC",5891147
30-SEP-2024,SAYBROOK CAPITAL /NC,59310032
30-SEP-2024,"Sugarloaf Wealth Management, LLC",672758
30-SEP-2024,Tredje AP-fonden,448652207
30-SEP-2024,VICUS CAPITAL,5050523
30-SEP-2024,"Valeo Financial Advisors, LLC",36041449
30-SEP-2024,JDM Financial Group LLC,361820
30-SEP-2024,"LAM GROUP, INC.",399112
30-SEP-2024,"TILIA FIDUCIARY PARTNERS, INC.",3604607
30-SEP-2024,Indiana Trust & Investment Management Co,9692830
30-SEP-2024,"Diversified Portfolios, Inc.",867915
30-SEP-2024,Vigilare Wealth Management,2912538
30-SEP-2024,AMJ Financial Wealth Management,5292605
30-SEP-2024,"Acropolis Investment Management, LLC",12075459
30-SEP-2024,"AdvisorNet Financial, Inc",4646211
30-SEP-2024,AllSquare Wealth Management LLC,1638930
30-SEP-2024,"American Money Management, LLC",6715499
30-SEP-2024,BAKER BOYER NATIONAL BANK,1560900
30-SEP-2024,"CONCENTRIC WEALTH MANAGEMENT, LLC",13832335
30-SEP-2024,Creative Capital Management Investments LLC,380626
30-SEP-2024,"Duncan Williams Asset Management, LLC",503521
30-SEP-2024,"Halpern Financial, Inc.",459598
30-SEP-2024,"Edmonds Duncan Registered Investment Advisors, LLC",483294
30-SEP-2024,Fairway Wealth LLC,3325
30-SEP-2024,Family CFO Inc,46813
30-SEP-2024,"Franklin, Parlapiano, Turner & Welch, LLC",421259
30-SEP-2024,"Front Street Capital Management, Inc.",421
30-SEP-2024,"Frontier Asset Management, LLC",205649
30-SEP-2024,"Fusion Capital, LLC",1414571
30-SEP-2024,"GILL CAPITAL PARTNERS, LLC",1557528
30-SEP-2024,Geo Capital Gestora de Recursos Ltd,10560
30-SEP-2024,"Versant Capital Management, Inc",1205025
30-SEP-2024,"VISTA CAPITAL PARTNERS, INC.",1478131
30-SEP-2024,"Waterway Wealth Management, LLC",338334
30-SEP-2024,"Westchester Capital Management, Inc.",18328310
30-SEP-2024,"Westend Capital Management, LLC",15258
30-SEP-2024,Willis Investment Counsel,20056589
30-SEP-2024,"Wilson & Boucher Capital Management, LLC",827282
30-SEP-2024,"Your Advocates Ltd., LLP",13386
30-SEP-2024,"Wellspring Financial Advisors, LLC",1977126
30-JUN-2024,"Pinnacle Wealth Planning Services, Inc.",6277618
30-JUN-2024,"Rock Point Advisors, LLC",6598049
30-JUN-2024,Richardson Capital Management LLC,76974
30-JUN-2024,"RVW Wealth, LLC",745199
30-JUN-2024,Pointe Capital Management LLC,1288347
30-JUN-2024,NewSquare Capital LLC,113844
30-JUN-2024,"Parallel Advisors, LLC",50360175
30-JUN-2024,PENN DAVIS MCFARLAND INC,115924111
30-JUN-2024,North Star Investment Management Corp.,13359915
30-JUN-2024,SHIKIAR ASSET MANAGEMENT INC,377
30-JUN-2024,"NBC SECURITIES, INC.",7919
30-JUN-2024,SAYBROOK CAPITAL /NC,70290
30-JUN-2024,"TILIA FIDUCIARY PARTNERS, INC.",3881821
30-JUN-2024,"Scott & Selber, Inc.",13715
30-JUN-2024,"Sugarloaf Wealth Management, LLC",4683827
30-JUN-2024,"Legacy Financial Advisors, Inc.",4873971
30-JUN-2024,Tredje AP-fonden,510658387
30-JUN-2024,VICUS CAPITAL,5413750
30-JUN-2024,"VISTA CAPITAL PARTNERS, INC.",1379664
30-JUN-2024,"Valeo Financial Advisors, LLC",38907495
30-JUN-2024,"Versant Capital Management, Inc",1214727
30-JUN-2024,Vigilare Wealth Management,3503011
30-JUN-2024,"Waterway Wealth Management, LLC",300548
30-JUN-2024,"Wellspring Financial Advisors, LLC",1270861
30-JUN-2024,"Lindbrook Capital, LLC",11740434
30-JUN-2024,"LBMC INVESTMENT ADVISORS, LLC",7473496
30-JUN-2024,LYNCH & ASSOCIATES/IN,5469264
30-JUN-2024,LOUISBOURG INVESTMENTS INC.,9300642
30-JUN-2024,"AdvisorNet Financial, Inc",4252059
30-JUN-2024,AllSquare Wealth Management LLC,1873777
30-JUN-2024,"American Money Management, LLC",7561775
30-JUN-2024,BAKER BOYER NATIONAL BANK,1634440
30-JUN-2024,"CONCENTRIC WEALTH MANAGEMENT, LLC",15334750
30-JUN-2024,Creative Capital Management Investments LLC,436249
30-JUN-2024,"Deane Retirement Strategies, Inc.",2981249
30-JUN-2024,"Diversified Portfolios, Inc.",944878
30-JUN-2024,"Edmonds Duncan Registered Investment Advisors, LLC",525668
30-JUN-2024,Fairway Wealth LLC,95269
30-JUN-2024,Family CFO Inc,51358
30-JUN-2024,"Franklin, Parlapiano, Turner & Welch, LLC",462661
30-JUN-2024,"Front Street Capital Management, Inc.",589
30-JUN-2024,"Frontier Asset Management, LLC",225573
30-JUN-2024,"Fusion Capital, LLC",1517953
30-JUN-2024,"GILL CAPITAL PARTNERS, LLC",1760480
30-JUN-2024,Geo Capital Gestora de Recursos Ltd,13807
30-JUN-2024,Goodman Financial Corp,335603
30-JUN-2024,"Halpern Financial, Inc.",522953
30-JUN-2024,Indiana Trust & Investment Management CO,10527173
30-JUN-2024,JDM Financial Group LLC,385664
30-JUN-2024,"LAM GROUP, INC.",438176
30-JUN-2024,"Westend Capital Management, LLC",47943
30-JUN-2024,"Westchester Capital Management, Inc.",20634092
30-JUN-2024,"Your Advocates Ltd., LLP",7337
30-JUN-2024,Willis Investment Counsel,26691599
30-JUN-2024,"Wilson & Boucher Capital Management, LLC",905741
30-JUN-2024,AMJ Financial Wealth Management,8848665
30-JUN-2024,"Acropolis Investment Management, LLC",6350548
31-MAR-2024,VICUS CAPITAL,3629263
31-MAR-2024,Tredje AP-fonden,374747601
31-MAR-2024,"Halpern Financial, Inc.",464760
31-MAR-2024,Indiana Trust & Investment Management CO,8516470
31-MAR-2024,JDM Financial Group LLC,315896
31-MAR-2024,"LAM GROUP, INC.",363296
31-MAR-2024,"LBMC INVESTMENT ADVISORS, LLC",4676750
31-MAR-2024,LOUISBOURG INVESTMENTS INC.,8583091
31-MAR-2024,LYNCH & ASSOCIATES/IN,4498405
31-MAR-2024,"Legacy Financial Advisors, Inc.",3908332
31-MAR-2024,"Lindbrook Capital, LLC",9464518
31-MAR-2024,"Mariner, LLC",2226972
31-MAR-2024,"NBC SECURITIES, INC.",6111
31-MAR-2024,NewSquare Capital LLC,45279
31-MAR-2024,PENN DAVIS MCFARLAND INC,99030746
31-MAR-2024,"Parallel Advisors, LLC",40778456
31-MAR-2024,"Pinnacle Wealth Planning Services, Inc.",5020536
31-MAR-2024,Pointe Capital Management LLC,1067523
31-MAR-2024,"RVW Wealth, LLC",374910
31-MAR-2024,Richardson Capital Management LLC,58069
31-MAR-2024,"Rock Point Advisors, LLC",5576867
31-MAR-2024,Rockport Wealth LLC,1067523
31-MAR-2024,"Valeo Financial Advisors, LLC",65399176
31-MAR-2024,Geo Capital Gestora de Recursos Ltd,11712
31-MAR-2024,"GILL CAPITAL PARTNERS, LLC",1559270
31-MAR-2024,"Fusion Capital, LLC",1136050
31-MAR-2024,"American Money Management, LLC",8660951
31-MAR-2024,"TILIA FIDUCIARY PARTNERS, INC.",3131798
31-MAR-2024,Swedbank AB,2759
31-MAR-2024,"Sugarloaf Wealth Management, LLC",3896173
31-MAR-2024,"Scott & Selber, Inc.",11209
31-MAR-2024,SAYBROOK CAPITAL /NC,65376
31-MAR-2024,AMJ Financial Wealth Management,7204342
31-MAR-2024,"Acropolis Investment Management, LLC",5057018
31-MAR-2024,"AdvisorNet Financial, Inc",3486064
31-MAR-2024,AllSquare Wealth Management LLC,1560918
31-MAR-2024,"Baker Avenue Asset Management, LP",32506041
31-MAR-2024,"VISTA CAPITAL PARTNERS, INC.",1074471
31-MAR-2024,"CONCENTRIC WEALTH MANAGEMENT, LLC",12715173
31-MAR-2024,Creative Capital Management Investments LLC,359213
31-MAR-2024,"Deane Retirement Strategies, Inc.",5155427
31-MAR-2024,"Diversified Portfolios, Inc.",612625
31-MAR-2024,"Edmonds Duncan Registered Investment Advisors, LLC",421548
31-MAR-2024,"Essex Financial Services, Inc.",16537073
31-MAR-2024,Fairway Wealth LLC,3019
31-MAR-2024,Family CFO Inc,42633
31-MAR-2024,"Franklin, Parlapiano, Turner & Welch, LLC",383362
31-MAR-2024,"Front Street Capital Management, Inc.",335
31-MAR-2024,"Wilson & Boucher Capital Management, LLC",767086
31-MAR-2024,"Versant Capital Management, Inc",708314
31-MAR-2024,Vigilare Wealth Management,2896956
31-MAR-2024,"Waterway Wealth Management, LLC",327518
31-MAR-2024,"Wellspring Financial Advisors, LLC",964292
31-MAR-2024,"Westchester Capital Management, Inc.",17440830
31-MAR-2024,"Westend Capital Management, LLC",6974626
31-MAR-2024,Willis Investment Counsel,16957136
31-DEC-2023,"Legacy Financial Advisors, Inc.",6744234
31-DEC-2023,"Connective Capital Management, LLC",2488996
31-DEC-2023,Willis Investment Counsel,15620555
31-DEC-2023,"Wilson & Boucher Capital Management, LLC",720152
31-DEC-2023,"Winthrop Capital Management, LLC",3084452
31-DEC-2023,Indiana Trust & Investment Management CO,7739582
31-DEC-2023,"Halpern Financial, Inc.",416760
31-DEC-2023,Geo Capital Gestora de Recursos Ltd,9735
31-DEC-2023,"GILL CAPITAL PARTNERS, LLC",1341164
31-DEC-2023,"Fusion Capital, LLC",935783
31-DEC-2023,"Front Street Capital Management, Inc.",463
31-DEC-2023,"Franklin, Parlapiano, Turner & Welch, LLC",354813
31-DEC-2023,Family CFO Inc,39460
31-DEC-2023,Fairway Wealth LLC,2794
31-DEC-2023,"Essex Financial Services, Inc.",15388796
31-DEC-2023,"Edmonds Duncan Registered Investment Advisors, LLC",388338
31-DEC-2023,"Diversified Portfolios, Inc.",538924
31-DEC-2023,"Deane Retirement Strategies, Inc.",1898666
31-DEC-2023,"Westchester Capital Management, Inc.",15832188
31-DEC-2023,"Wellspring Financial Advisors, LLC",608909
31-DEC-2023,Vigilare Wealth Management,2921896
31-DEC-2023,Pointe Capital Management LLC,968750
31-DEC-2023,LOUISBOURG INVESTMENTS INC.,8000902
31-DEC-2023,LYNCH & ASSOCIATES/IN,4133228
31-DEC-2023,JDM Financial Group LLC,315705
31-DEC-2023,"Lindbrook Capital, LLC",8479183
31-DEC-2023,"NBC SECURITIES, INC.",5383
31-DEC-2023,NewSquare Capital LLC,41907
31-DEC-2023,North Star Investment Management Corp.,10196951
31-DEC-2023,PENN DAVIS MCFARLAND INC,94002627
31-DEC-2023,"Parallel Advisors, LLC",36122272
31-DEC-2023,"Pinnacle Wealth Planning Services, Inc.",4745688
31-DEC-2023,"RVW Wealth, LLC",391691
31-DEC-2023,"Versant Capital Management, Inc",718007
31-DEC-2023,Richardson Capital Management LLC,34188
31-DEC-2023,"Rock Point Advisors, LLC",5340908
31-DEC-2023,SAYBROOK CAPITAL /NC,60990
31-DEC-2023,"Scott & Selber, Inc.",10350
31-DEC-2023,"Sugarloaf Wealth Management, LLC",3440207
31-DEC-2023,"TILIA FIDUCIARY PARTNERS, INC.",2776478
31-DEC-2023,Tredje AP-fonden,335183654
31-DEC-2023,VICUS CAPITAL,3034905
31-DEC-2023,"VISTA CAPITAL PARTNERS, INC.",1022489
31-DEC-2023,"Valeo Financial Advisors, LLC",28783795
31-DEC-2023,Creative Capital Management Investments LLC,332462
31-DEC-2023,"Cassady Schiller Wealth Management, LLC",939131
31-DEC-2023,"LAM GROUP, INC.",336248
31-DEC-2023,AllSquare Wealth Management LLC,1381953
31-DEC-2023,"CONCENTRIC WEALTH MANAGEMENT, LLC",11715164
31-DEC-2023,AMJ Financial Wealth Management,5979011
31-DEC-2023,"Acropolis Investment Management, LLC",4697068
31-DEC-2023,"AdvisorNet Financial, Inc",3249081
31-DEC-2023,"LBMC INVESTMENT ADVISORS, LLC",3841005
31-DEC-2023,"American Money Management, LLC",8179920
31-DEC-2023,"Baker Avenue Asset Management, LP",60237858
31-DEC-2023,BAXTER BROS INC,40254505
31-DEC-2023,Baystate Wealth Management LLC,2047157
30-SEP-2023,Tredje AP-fonden,296364460
30-SEP-2023,"Rock Point Advisors, LLC",5155827
30-SEP-2023,SAYBROOK CAPITAL /NC,57426
30-SEP-2023,SHIKIAR ASSET MANAGEMENT INC,263
30-SEP-2023,"Scott & Selber, Inc.",9786
30-SEP-2023,Security National Bank,1157713
30-SEP-2023,"Sugarloaf Wealth Management, LLC",3145804
30-SEP-2023,"TILIA FIDUCIARY PARTNERS, INC.",2588280
30-SEP-2023,VICUS CAPITAL,2720187
30-SEP-2023,Pointe Capital Management LLC,845356
30-SEP-2023,"VISTA CAPITAL PARTNERS, INC.",776715
30-SEP-2023,"Valeo Financial Advisors, LLC",26942462
30-SEP-2023,"Versant Capital Management, Inc",684398
30-SEP-2023,Vigilare Wealth Management,2752902
30-SEP-2023,"Wellspring Financial Advisors, LLC",565577
30-SEP-2023,"Westchester Capital Management, Inc.",15123173
30-SEP-2023,Willis Investment Counsel,29377546
30-SEP-2023,"Wilson & Boucher Capital Management, LLC",673754
30-SEP-2023,Family CFO Inc,48125
30-SEP-2023,"RVW Wealth, LLC",516717
30-SEP-2023,"Parallel Advisors, LLC",69698384
30-SEP-2023,"Pinnacle Wealth Planning Services, Inc.",4409720
30-SEP-2023,PENN DAVIS MCFARLAND INC,91374334
30-SEP-2023,"Acropolis Investment Management, LLC",4362722
30-SEP-2023,AMJ Financial Wealth Management,5660611
30-SEP-2023,"Franklin, Parlapiano, Turner & Welch, LLC",332384
30-SEP-2023,"Front Street Capital Management, Inc.",441
30-SEP-2023,"Fusion Capital, LLC",872967
30-SEP-2023,"GILL CAPITAL PARTNERS, LLC",1252199
30-SEP-2023,Geo Capital Gestora de Recursos Ltd,7724
30-SEP-2023,"Halpern Financial, Inc.",444924
30-SEP-2023,Indiana Trust & Investment Management CO,7056185
30-SEP-2023,JDM Financial Group LLC,295729
30-SEP-2023,"LAM GROUP, INC.",210168
30-SEP-2023,"LBMC INVESTMENT ADVISORS, LLC",3651921
30-SEP-2023,LYNCH & ASSOCIATES/IN,3538006
30-SEP-2023,"Legacy Financial Advisors, Inc.",2999573
30-SEP-2023,"Lindbrook Capital, LLC",6647819
30-SEP-2023,"NBC SECURITIES, INC.",5392
30-SEP-2023,North Star Investment Management Corp.,9556444
30-SEP-2023,NewSquare Capital LLC,107960
30-SEP-2023,"Essex Financial Services, Inc.",14168728
30-SEP-2023,"Cassady Schiller Wealth Management, LLC",879516
30-SEP-2023,"Edmonds Duncan Registered Investment Advisors, LLC",353322
30-SEP-2023,"CONCENTRIC WEALTH MANAGEMENT, LLC",10934607
30-SEP-2023,"Column Capital Advisors, LLC",1466094
30-SEP-2023,Creative Capital Management Investments LLC,622894
30-SEP-2023,"Deane Retirement Strategies, Inc.",1774056
30-SEP-2023,"Diversified Portfolios, Inc.",507606
30-SEP-2023,"AdvisorNet Financial, Inc",2643532
30-SEP-2023,Baystate Wealth Management LLC,1405829
30-SEP-2023,"Baker Avenue Asset Management, LP",27447125
30-SEP-2023,BAXTER BROS INC,38389054
30-SEP-2023,"American Money Management, LLC",7762502
30-SEP-2023,AllSquare Wealth Management LLC,1255340
30-JUN-2023,"Column Capital Advisors, LLC",1344295
30-JUN-2023,"Halpern Financial, Inc.",367479
30-JUN-2023,Geo Capital Gestora de Recursos Ltd,10897
30-JUN-2023,"Fusion Capital, LLC",784753
30-JUN-2023,"Franklin, Parlapiano, Turner & Welch, LLC",304038
30-JUN-2023,Family CFO Inc,33872
30-JUN-2023,"Essex Financial Services, Inc.",12979064
30-JUN-2023,"Endurance Wealth Management, Inc.",3871
30-JUN-2023,"Edmonds Duncan Registered Investment Advisors, LLC",323190
30-JUN-2023,"Diversified Portfolios, Inc.",574919
30-JUN-2023,Creative Capital Management Investments LLC,727776
30-JUN-2023,BAXTER BROS INC,35602922
30-JUN-2023,"Cassady Schiller Wealth Management, LLC",798591
30-JUN-2023,"Carmel Capital Partners, LLC",143640
30-JUN-2023,"CONCENTRIC WEALTH MANAGEMENT, LLC",9804746
30-JUN-2023,Baystate Wealth Management LLC,1145649
30-JUN-2023,"Baker Avenue Asset Management, LP",25123323
30-JUN-2023,JDM Financial Group LLC,272916
30-JUN-2023,"American Money Management, LLC",6976430
30-JUN-2023,AllSquare Wealth Management LLC,1195394
30-JUN-2023,"AdvisorNet Financial, Inc",2810942
30-JUN-2023,"Acropolis Investment Management, LLC",3459640
30-JUN-2023,Indiana Trust & Investment Management CO,6172350
30-JUN-2023,"GILL CAPITAL PARTNERS, LLC",1169828
30-JUN-2023,"LAM GROUP, INC.",192536
30-JUN-2023,"Scott & Selber, Inc.",9008
30-JUN-2023,"Wilson & Boucher Capital Management, LLC",618157
30-JUN-2023,Willis Investment Counsel,35631578
30-JUN-2023,"Westchester Capital Management, Inc.",13974210
30-JUN-2023,"Wellspring Financial Advisors, LLC",517343
30-JUN-2023,Vigilare Wealth Management,2673140
30-JUN-2023,"Versant Capital Management, Inc",655956
30-JUN-2023,"Valeo Financial Advisors, LLC",23639595
30-JUN-2023,"VISTA CAPITAL PARTNERS, INC.",897227
30-JUN-2023,"LBMC INVESTMENT ADVISORS, LLC",3132403
30-JUN-2023,Tredje AP-fonden,226391316
30-JUN-2023,"TILIA FIDUCIARY PARTNERS, INC.",2321941
30-JUN-2023,"Sugarloaf Wealth Management, LLC",3316518
30-JUN-2023,Security National Bank,939645
30-JUN-2023,VICUS CAPITAL,2425721
30-JUN-2023,SAYBROOK CAPITAL /NC,53587
30-JUN-2023,North Star Investment Management Corp.,8865341
30-JUN-2023,"Rock Point Advisors, LLC",4726813
30-JUN-2023,"Legacy Financial Advisors, Inc.",2256225
30-JUN-2023,"Lindbrook Capital, LLC",5839086
30-JUN-2023,LYNCH & ASSOCIATES/IN,2829730
30-JUN-2023,NewSquare Capital LLC,98753
30-JUN-2023,"NEIRG Wealth Management, LLC",477244
30-JUN-2023,PENN DAVIS MCFARLAND INC,85026980
30-JUN-2023,"Parallel Advisors, LLC",62971678
30-JUN-2023,"Pinnacle Wealth Planning Services, Inc.",4046100
30-JUN-2023,Pointe Capital Management LLC,773262
30-JUN-2023,"RVW Wealth, LLC",358142
31-MAR-2023,"Rock Point Advisors, LLC",4612
31-MAR-2023,"RVW Wealth, LLC",282146
31-MAR-2023,Pointe Capital Management LLC,649350
31-MAR-2023,"Pinnacle Wealth Planning Services, Inc.",3272266
31-MAR-2023,"Pinnacle Holdings, LLC",173051
31-MAR-2023,"Parallel Advisors, LLC",53123368
31-MAR-2023,"Legacy Financial Advisors, Inc.",1753244
31-MAR-2023,PENN DAVIS MCFARLAND INC,75148825
31-MAR-2023,North Star Investment Management Corp.,7960551
31-MAR-2023,NewSquare Capital LLC,76864
31-MAR-2023,"NEIRG Wealth Management, LLC",824965
31-MAR-2023,"Lindbrook Capital, LLC",4630403
31-MAR-2023,"Scott & Selber, Inc.",7759
31-MAR-2023,SAYBROOK CAPITAL /NC,46600
31-MAR-2023,"LBMC INVESTMENT ADVISORS, LLC",2697609
31-MAR-2023,Security National Bank,683581
31-MAR-2023,"Sugarloaf Wealth Management, LLC",2924970
31-MAR-2023,"TILIA FIDUCIARY PARTNERS, INC.",1880729
31-MAR-2023,Tredje AP-fonden,210918091
31-MAR-2023,VICUS CAPITAL,2057588
31-MAR-2023,"VISTA CAPITAL PARTNERS, INC.",772928
31-MAR-2023,"Valeo Financial Advisors, LLC",21384584
31-MAR-2023,"Versant Capital Management, Inc",665653
31-MAR-2023,Vigilare Wealth Management,2406432
31-MAR-2023,"Wellspring Financial Advisors, LLC",448321
31-MAR-2023,"Westchester Capital Management, Inc.",12264068
31-MAR-2023,Willis Investment Counsel,30731258
31-MAR-2023,"Wilson & Boucher Capital Management, LLC",531440
31-MAR-2023,Baystate Wealth Management LLC,868324
31-MAR-2023,LYNCH & ASSOCIATES/IN,1841283
31-MAR-2023,"Baker Avenue Asset Management, LP",21505795
31-MAR-2023,"LAM GROUP, INC.",332368
31-MAR-2023,AllSquare Wealth Management LLC,1002654
31-MAR-2023,JDM Financial Group LLC,236504
31-MAR-2023,"Edmonds Duncan Registered Investment Advisors, LLC",280071
31-MAR-2023,"Diversified Portfolios, Inc.",503402
31-MAR-2023,Creative Capital Management Investments LLC,727770
31-MAR-2023,"Column Capital Advisors, LLC",1166188
31-MAR-2023,"Cassady Schiller Wealth Management, LLC",659080
31-MAR-2023,"Carmel Capital Partners, LLC",124476
31-MAR-2023,"CONCENTRIC WEALTH MANAGEMENT, LLC",8702222
31-MAR-2023,"Acropolis Investment Management, LLC",2880711
31-MAR-2023,"AdvisorNet Financial, Inc",2478652
31-MAR-2023,"Endurance Wealth Management, Inc.",3360
31-MAR-2023,"American Money Management, LLC",6011047
31-MAR-2023,"Essex Financial Services, Inc.",12002043
31-MAR-2023,Family CFO Inc,29120
31-MAR-2023,"Franklin, Parlapiano, Turner & Welch, LLC",263474
31-MAR-2023,"Fusion Capital, LLC",691257
31-MAR-2023,"GILL CAPITAL PARTNERS, LLC",1004936
31-MAR-2023,Geo Capital Gestora de Recursos Ltd,12299
31-MAR-2023,"Halpern Financial, Inc.",331936
31-MAR-2023,Indiana Trust & Investment Management CO,4554031
31-MAR-2023,"JBF Capital, Inc.",505000
31-MAR-2023,BAXTER BROS INC,30818568
31-DEC-2022,"Rock Point Advisors, LLC",3888
31-DEC-2022,Security National Bank,599964
31-DEC-2022,"Scott & Selber, Inc.",13208
31-DEC-2022,SAYBROOK CAPITAL /NC,39287
31-DEC-2022,"Parallel Advisors, LLC",21946827
31-DEC-2022,"RVW Wealth, LLC",537585
31-DEC-2022,Pointe Capital Management LLC,612
31-DEC-2022,"Pinnacle Wealth Planning Services, Inc.",2730101
31-DEC-2022,Tredje AP-fonden,179742168
31-DEC-2022,"Paragon Wealth Strategies, LLC",34410
31-DEC-2022,"Sugarloaf Wealth Management, LLC",2392132
31-DEC-2022,Vigilare Wealth Management,2140195
31-DEC-2022,VICUS CAPITAL,1700016
31-DEC-2022,"VISTA CAPITAL PARTNERS, INC.",299907
31-DEC-2022,"Valeo Financial Advisors, LLC",15014559
31-DEC-2022,"Versant Capital Management, Inc",567672
31-DEC-2022,"Wellspring Financial Advisors, LLC",386624
31-DEC-2022,"Westchester Capital Management, Inc.",10411270
31-DEC-2022,Willis Investment Counsel,9734857
31-DEC-2022,"Wilson & Boucher Capital Management, LLC",476069
31-DEC-2022,"ZEKE CAPITAL ADVISORS, LLC",51456218
31-DEC-2022,North Star Investment Management Corp.,7465405
31-DEC-2022,PENN DAVIS MCFARLAND INC,64509445
31-DEC-2022,"Column Capital Advisors, LLC",1154889
31-DEC-2022,NewSquare Capital LLC,25146
31-DEC-2022,"Essex Financial Services, Inc.",10188
31-DEC-2022,"ATALANTA SOSNOFF CAPITAL, LLC",4411594
31-DEC-2022,"Acropolis Investment Management, LLC",2158994
31-DEC-2022,"AdvisorNet Financial, Inc",2059926
31-DEC-2022,AllSquare Wealth Management LLC,840832
31-DEC-2022,"American Money Management, LLC",5190091
31-DEC-2022,BAXTER BROS INC,26536000
31-DEC-2022,"Baker Avenue Asset Management, LP",16886428
31-DEC-2022,Baystate Wealth Management LLC,956
31-DEC-2022,Bouchey Financial Group Ltd,2021393
31-DEC-2022,"Edmonds Duncan Registered Investment Advisors, LLC",238221
31-DEC-2022,"CONCENTRIC WEALTH MANAGEMENT, LLC",7320204
31-DEC-2022,"Cassady Schiller Wealth Management, LLC",1238749
31-DEC-2022,Creative Capital Management Investments LLC,188
31-DEC-2022,"Diversified Portfolios, Inc.",459061
31-DEC-2022,"NEIRG Wealth Management, LLC",704428
31-DEC-2022,"Endurance Wealth Management, Inc.",2547
31-DEC-2022,"Capital Directions Investment Advisors, LLC",522364
31-DEC-2022,Family CFO Inc,24844
31-DEC-2022,"LBMC INVESTMENT ADVISORS, LLC",2312948
31-DEC-2022,"MinichMacGregor Wealth Management, LLC",234868
31-DEC-2022,"Franklin, Parlapiano, Turner & Welch, LLC",224104
31-DEC-2022,"Lindbrook Capital, LLC",3719600
31-DEC-2022,"Left Brain Wealth Management, LLC",1547819
31-DEC-2022,"Laurel Wealth Advisors, Inc.",1867
31-DEC-2022,LYNCH & ASSOCIATES/IN,1527376
31-DEC-2022,"Legacy Financial Advisors, Inc.",1351772
31-DEC-2022,"LAM GROUP, INC.",283136
31-DEC-2022,"GILL CAPITAL PARTNERS, LLC",854331
31-DEC-2022,Indiana Trust & Investment Management CO,3926
31-DEC-2022,"Halpern Financial, Inc.",282336
31-DEC-2022,Geo Capital Gestora de Recursos Ltd,10967
31-DEC-2022,"Fusion Capital, LLC",583730
31-DEC-2022,JDM Financial Group LLC,203132
30-SEP-2022,"Scott & Selber, Inc.",7131
30-SEP-2022,SAYBROOK CAPITAL /NC,42304
30-SEP-2022,"Rock Point Advisors, LLC",3998
30-SEP-2022,Raab & Moskowitz Asset Management LLC,4348
30-SEP-2022,"Pinnacle Wealth Planning Services, Inc.",3054
30-SEP-2022,"RVW Wealth, LLC",495
30-SEP-2022,Pointe Capital Management LLC,685
30-SEP-2022,"Pinnacle Holdings, LLC",249271
30-SEP-2022,"Parallel Advisors, LLC",24114
30-SEP-2022,"Strategic Asset Management, LLC",13
30-SEP-2022,"Paragon Wealth Strategies, LLC",29
30-SEP-2022,Security National Bank,650
30-SEP-2022,"Wellspring Financial Advisors, LLC",545
30-SEP-2022,"TILIA FIDUCIARY PARTNERS, INC.",1700
30-SEP-2022,Tredje AP-fonden,156721
30-SEP-2022,VICUS CAPITAL,2151
30-SEP-2022,"VISTA CAPITAL PARTNERS, INC.",344
30-SEP-2022,"Valeo Financial Advisors, LLC",14063
30-SEP-2022,"Versant Capital Management, Inc",603
30-SEP-2022,Vigilare Wealth Management,2363
30-SEP-2022,"Westchester Capital Management, Inc.",11233
30-SEP-2022,Willis Investment Counsel,7527
30-SEP-2022,"Wilson & Boucher Capital Management, LLC",515
30-SEP-2022,"ZEKE CAPITAL ADVISORS, LLC",55805
30-SEP-2022,Zeit Capital LLC,38
30-SEP-2022,North Star Investment Management Corp.,8407
30-SEP-2022,PENN DAVIS MCFARLAND INC,70524
30-SEP-2022,ICW Investment Advisors LLC,935
30-SEP-2022,NewSquare Capital LLC,23
30-SEP-2022,"CONCENTRIC WEALTH MANAGEMENT, LLC",7854
30-SEP-2022,Delta Financial Advisors LLC,4278
30-SEP-2022,Congress Wealth Management LLC / DE /,19210
30-SEP-2022,"Column Capital Advisors, LLC",1288
30-SEP-2022,"Clarity Wealth Advisors, LLC",4750
30-SEP-2022,"Cassady Schiller Wealth Management, LLC",740
30-SEP-2022,"Capital Directions Investment Advisors, LLC",539
30-SEP-2022,"Cahaba Wealth Management, Inc.",347
30-SEP-2022,"CPWM, LLC",10940
30-SEP-2022,Bouchey Financial Group Ltd,2151
30-SEP-2022,"NEIRG Wealth Management, LLC",758
30-SEP-2022,Baystate Wealth Management LLC,1013
30-SEP-2022,"Ballast, Inc.",325
30-SEP-2022,"Baker Avenue Asset Management, LP",18973
30-SEP-2022,BAXTER BROS INC,28835
30-SEP-2022,"American Money Management, LLC",5421
30-SEP-2022,AllSquare Wealth Management LLC,883
30-SEP-2022,"AdvisorNet Financial, Inc",3607
30-SEP-2022,"Acropolis Investment Management, LLC",1937
30-SEP-2022,"Detalus Advisors, LLC",872
30-SEP-2022,"Diversified Portfolios, Inc.",365
30-SEP-2022,"Edmonds Duncan Registered Investment Advisors, LLC",258
30-SEP-2022,"Empirical Asset Management, LLC",225
30-SEP-2022,"MinichMacGregor Wealth Management, LLC",237
30-SEP-2022,"Martin Capital Partners, LLC",231
30-SEP-2022,"Lindbrook Capital, LLC",3851
30-SEP-2022,"Legacy Financial Advisors, Inc.",1280
30-SEP-2022,LYNCH & ASSOCIATES/IN,1463
30-SEP-2022,"LBMC INVESTMENT ADVISORS, LLC",2605
30-SEP-2022,Indiana Trust & Investment Management CO,4117
30-SEP-2022,"Heritage Financial Services, LLC",551
30-SEP-2022,"Halpern Financial, Inc.",306080
30-SEP-2022,Geo Capital Gestora de Recursos Ltd,9298
30-SEP-2022,"GILL CAPITAL PARTNERS, LLC",983
30-SEP-2022,"Fusion Capital, LLC",627
30-SEP-2022,"Franklin, Parlapiano, Turner & Welch, LLC",243
30-SEP-2022,"Financial Advantage, Inc.",5667
30-SEP-2022,Family CFO Inc,26922
30-SEP-2022,"Essex Financial Services, Inc.",11687
30-SEP-2022,"Endurance Wealth Management, Inc.",2697
30-SEP-2022,Brightworth,15184
30-JUN-2022,"Versant Capital Management, Inc",676
30-JUN-2022,"Valeo Financial Advisors, LLC",15927
30-JUN-2022,Pointe Capital Management LLC,1776
30-JUN-2022,Delta Financial Advisors LLC,4856
30-JUN-2022,"CONCENTRIC WEALTH MANAGEMENT, LLC",8813
30-JUN-2022,"Cahaba Wealth Management, Inc.",313
30-JUN-2022,"Capital Directions Investment Advisors, LLC",605
30-JUN-2022,"Clarity Wealth Advisors, LLC",5360
30-JUN-2022,"Column Capital Advisors, LLC",1221
30-JUN-2022,Congress Wealth Management LLC / DE /,19782
30-JUN-2022,"Detalus Advisors, LLC",993
30-JUN-2022,"Financial Advantage, Inc.",6375
30-JUN-2022,"Diversified Portfolios, Inc.",694
30-JUN-2022,"Edmonds Duncan Registered Investment Advisors, LLC",294
30-JUN-2022,"Empirical Asset Management, LLC",318
30-JUN-2022,"Endurance Wealth Management, Inc.",2992
30-JUN-2022,"Ensign Peak Advisors, Inc",1477470
30-JUN-2022,"Essex Financial Services, Inc.",13339
30-JUN-2022,Brightworth,16033
30-JUN-2022,Bouchey Financial Group Ltd,2400
30-JUN-2022,"Berger Financial Group, Inc",8549
30-JUN-2022,Baystate Wealth Management LLC,1183
30-JUN-2022,"Ballast, Inc.",370
30-JUN-2022,"Baker Avenue Asset Management, LP",23291
30-JUN-2022,BAXTER BROS INC,33495
30-JUN-2022,"American Money Management, LLC",6180
30-JUN-2022,AllSquare Wealth Management LLC,1018
30-JUN-2022,"AdvisorNet Financial, Inc",3864
30-JUN-2022,"Acropolis Investment Management, LLC",2195
30-JUN-2022,"Pinnacle Wealth Planning Services, Inc.",3567
30-JUN-2022,"Wilson & Boucher Capital Management, LLC",553
30-JUN-2022,Willis Investment Counsel,8626
30-JUN-2022,"Westchester Capital Management, Inc.",12768
30-JUN-2022,"Wellspring Financial Advisors, LLC",621
30-JUN-2022,Vigilare Wealth Management,2859
30-JUN-2022,Family CFO Inc,30624
30-JUN-2022,"Cassady Schiller Wealth Management, LLC",676
30-JUN-2022,"Franklin, Parlapiano, Turner & Welch, LLC",277
30-JUN-2022,"Strategic Asset Management, LLC",13
30-JUN-2022,"Parallel Advisors, LLC",26923
30-JUN-2022,"Pinnacle Holdings, LLC",249271
30-JUN-2022,"ZEKE CAPITAL ADVISORS, LLC",67885
30-JUN-2022,Zeit Capital LLC,43
30-JUN-2022,VICUS CAPITAL,2314
30-JUN-2022,Tredje AP-fonden,328508
30-JUN-2022,Security National Bank,750
30-JUN-2022,North Star Investment Management Corp.,9565
30-JUN-2022,"Scott & Selber, Inc.",7247
30-JUN-2022,"Fusion Capital, LLC",700
30-JUN-2022,SCHAPER BENZ & WISE INVESTMENT COUNSEL INC/WI,40380
30-JUN-2022,SAYBROOK CAPITAL /NC,48097
30-JUN-2022,"Rock Point Advisors, LLC",4494
30-JUN-2022,Raab & Moskowitz Asset Management LLC,5064
30-JUN-2022,PENN DAVIS MCFARLAND INC,79952
30-JUN-2022,"VISTA CAPITAL PARTNERS, INC.",651
30-JUN-2022,NewSquare Capital LLC,13
30-JUN-2022,"LBMC INVESTMENT ADVISORS, LLC",3008
30-JUN-2022,"GILL CAPITAL PARTNERS, LLC",1229
30-JUN-2022,Geo Capital Gestora de Recursos Ltd,7667
30-JUN-2022,"Halpern Financial, Inc.",333427
30-JUN-2022,"Harfst & Associates, Inc.",2196
30-JUN-2022,"NEIRG Wealth Management, LLC",715
30-JUN-2022,"Heritage Financial Services, LLC",593
30-JUN-2022,Indiana Trust & Investment Management CO,4688
30-JUN-2022,"RVW Wealth, LLC",571
30-JUN-2022,"Legacy Financial Advisors, Inc.",1495
30-JUN-2022,"MinichMacGregor Wealth Management, LLC",281
30-JUN-2022,"Lindbrook Capital, LLC",3949
30-JUN-2022,"Martin Capital Partners, LLC",219
30-JUN-2022,"Laurel Wealth Advisors, Inc.",2116
31-MAR-2022,"Heritage Financial Services, LLC",818
31-MAR-2022,"Nadler Financial Group, Inc.",4725
31-MAR-2022,"Harfst & Associates, Inc.",2879
31-MAR-2022,North Star Investment Management Corp.,11935
31-MAR-2022,NewSquare Capital LLC,25
31-MAR-2022,"MinichMacGregor Wealth Management, LLC",356
31-MAR-2022,"NEIRG Wealth Management, LLC",695
31-MAR-2022,MBA Advisors LLC,1268
31-MAR-2022,"Lindbrook Capital, LLC",5115
31-MAR-2022,"Legacy Financial Advisors, Inc.",2045
31-MAR-2022,"Laurel Wealth Advisors, Inc.",2729
31-MAR-2022,Indiana Trust & Investment Management CO,5970
31-MAR-2022,"LBMC INVESTMENT ADVISORS, LLC",4781
31-MAR-2022,Security National Bank,957
31-MAR-2022,PENN DAVIS MCFARLAND INC,102874
31-MAR-2022,"Parallel Advisors, LLC",34459
31-MAR-2022,"Pinnacle Holdings, LLC",287678
31-MAR-2022,"Pinnacle Wealth Planning Services, Inc.",4200
31-MAR-2022,Pointe Capital Management LLC,996
31-MAR-2022,"RVW Wealth, LLC",704
31-MAR-2022,Raab & Moskowitz Asset Management LLC,6116
31-MAR-2022,"Rock Point Advisors, LLC",4115
31-MAR-2022,SAYBROOK CAPITAL /NC,60872
31-MAR-2022,SCHAPER BENZ & WISE INVESTMENT COUNSEL INC/WI,51234
31-MAR-2022,"Scott & Selber, Inc.",9270
31-MAR-2022,Selway Asset Management,8945
31-MAR-2022,Geo Capital Gestora de Recursos Ltd,2157
31-MAR-2022,"Halpern Financial, Inc.",425547
31-MAR-2022,"AdvisorNet Financial, Inc",4739
31-MAR-2022,"GILL CAPITAL PARTNERS, LLC",1229
31-MAR-2022,"Ballast, Inc.",472
31-MAR-2022,"Cahaba Wealth Management, Inc.",333
31-MAR-2022,"CONCENTRIC WEALTH MANAGEMENT, LLC",11073
31-MAR-2022,Brightworth,19016
31-MAR-2022,Bouchey Financial Group Ltd,3064
31-MAR-2022,"Berger Financial Group, Inc",10188
31-MAR-2022,Baystate Wealth Management LLC,1146
31-MAR-2022,"Baker Avenue Asset Management, LP",29289
31-MAR-2022,"Fusion Capital, LLC",731
31-MAR-2022,BAXTER BROS INC,42001
31-MAR-2022,Avondale Wealth Management,19
31-MAR-2022,"American Money Management, LLC",7815
31-MAR-2022,AllSquare Wealth Management LLC,1257
31-MAR-2022,TANAKA CAPITAL MANAGEMENT INC,780
31-MAR-2022,"A. D. Beadell Investment Counsel, Inc.",256
31-MAR-2022,"Capital Directions Investment Advisors, LLC",875
31-MAR-2022,"Cassady Schiller Wealth Management, LLC",1041
31-MAR-2022,"Clarity Wealth Advisors, LLC",8939
31-MAR-2022,"Column Capital Advisors, LLC",1558
31-MAR-2022,Delta Financial Advisors LLC,6339
31-MAR-2022,"Detalus Advisors, LLC",1190
31-MAR-2022,"Diversified Portfolios, Inc.",1045
31-MAR-2022,"Edmonds Duncan Registered Investment Advisors, LLC",367
31-MAR-2022,"Empirical Asset Management, LLC",284
31-MAR-2022,"Endurance Wealth Management, Inc.",3797
31-MAR-2022,"Ensign Peak Advisors, Inc",1886409
31-MAR-2022,"Essex Financial Services, Inc.",34916
31-MAR-2022,Family CFO Inc,39
31-MAR-2022,"Financial Advantage, Inc.",7981
31-MAR-2022,"Forum Financial Management, LP",10942
31-MAR-2022,"Franklin, Parlapiano, Turner & Welch, LLC",353
31-MAR-2022,"Front Street Capital Management, Inc.",200
31-MAR-2022,"Strategic Asset Management, LLC",3
31-MAR-2022,"Acropolis Investment Management, LLC",2728
31-MAR-2022,VICUS CAPITAL,2804
31-MAR-2022,"VISTA CAPITAL PARTNERS, INC.",303
31-MAR-2022,"Valeo Financial Advisors, LLC",38126
31-MAR-2022,"Versant Capital Management, Inc",807
31-MAR-2022,Vigilare Wealth Management,3797
31-MAR-2022,"Wellspring Financial Advisors, LLC",801
31-MAR-2022,"Westchester Capital Management, Inc.",16187
31-MAR-2022,Willis Investment Counsel,8341
31-MAR-2022,"Wilson & Boucher Capital Management, LLC",726
31-MAR-2022,"Winfield Associates, Inc.",3772
31-MAR-2022,"ZEKE CAPITAL ADVISORS, LLC",84658
31-MAR-2022,Zeit Capital LLC,56
31-MAR-2022,Tredje AP-fonden,206961
31-DEC-2021,"NEIRG Wealth Management, LLC",739
31-DEC-2021,"MinichMacGregor Wealth Management, LLC",353
31-DEC-2021,"Rock Point Advisors, LLC",4586
31-DEC-2021,"Rather & Kittrell, Inc.",52
31-DEC-2021,Raab & Moskowitz Asset Management LLC,6417
31-DEC-2021,"RVW Wealth, LLC",1582
31-DEC-2021,Pointe Capital Management LLC,1037
31-DEC-2021,"Pinnacle Wealth Planning Services, Inc.",4183
31-DEC-2021,"Parallel Advisors, LLC",34641
31-DEC-2021,PENN DAVIS MCFARLAND INC,111516
31-DEC-2021,North Star Investment Management Corp.,11933
31-DEC-2021,NewSquare Capital LLC,127
31-DEC-2021,"Harfst & Associates, Inc.",2693
31-DEC-2021,"Heritage Financial Services, LLC",743
31-DEC-2021,Indiana Trust & Investment Management CO,6254
31-DEC-2021,"James Reed Financial Services, Inc.",104
31-DEC-2021,"LBMC INVESTMENT ADVISORS, LLC",4966
31-DEC-2021,"Laurel Wealth Advisors, Inc.",4435
31-DEC-2021,"Legacy Financial Advisors, Inc.",1994
31-DEC-2021,"Nadler Financial Group, Inc.",5114
31-DEC-2021,MBA Advisors LLC,1315
31-DEC-2021,"MKD WEALTH COACHES, LLC",203
31-DEC-2021,"McGinn Investment Management, Inc.",289
31-DEC-2021,"Lindbrook Capital, LLC",5255
31-DEC-2021,"Opus Capital Group, LLC",211
31-DEC-2021,SCHAPER BENZ & WISE INVESTMENT COUNSEL INC/WI,54005
31-DEC-2021,"Halpern Financial, Inc.",443247
31-DEC-2021,Bouchey Financial Group Ltd,3193
31-DEC-2021,Brightworth,19410
31-DEC-2021,"CONCENTRIC WEALTH MANAGEMENT, LLC",11580
31-DEC-2021,"Cable Hill Partners, LLC",1709
31-DEC-2021,"Cahaba Wealth Management, Inc.",440
31-DEC-2021,"Carroll Financial Associates, Inc.",4202
31-DEC-2021,"Cassady Schiller Wealth Management, LLC",1081
31-DEC-2021,"Clarity Wealth Advisors, LLC",9348
31-DEC-2021,"Column Capital Advisors, LLC",1788
31-DEC-2021,"Crescent Capital Consulting, LLC",106
31-DEC-2021,Delta Financial Advisors LLC,6560
31-DEC-2021,"Detalus Advisors, LLC",1361
31-DEC-2021,"Diversified Portfolios, Inc.",1144
31-DEC-2021,"Edmonds Duncan Registered Investment Advisors, LLC",357
31-DEC-2021,"Empirical Asset Management, LLC",290
31-DEC-2021,"Berger Financial Group, Inc",10749
31-DEC-2021,Baystate Wealth Management LLC,1083
31-DEC-2021,"Ballast, Inc.",275
31-DEC-2021,"Financial Advantage, Inc.",8332
31-DEC-2021,Geo Capital Gestora de Recursos Ltd,2031
31-DEC-2021,"GILL CAPITAL PARTNERS, LLC",1243
31-DEC-2021,"Fusion Capital, LLC",730
31-DEC-2021,"Front Street Capital Management, Inc.",246
31-DEC-2021,"Franklin, Parlapiano, Turner & Welch, LLC",371
31-DEC-2021,"Forum Financial Management, LP",11608
31-DEC-2021,Family CFO Inc,41
31-DEC-2021,BAXTER BROS INC,43395
31-DEC-2021,"Essex Financial Services, Inc.",17692
31-DEC-2021,"A. D. Beadell Investment Counsel, Inc.",263
31-DEC-2021,"Acropolis Investment Management, LLC",2729
31-DEC-2021,"AdvisorNet Financial, Inc",4143
31-DEC-2021,AllSquare Wealth Management LLC,1263
31-DEC-2021,"American Money Management, LLC",8542
31-DEC-2021,SAYBROOK CAPITAL /NC,65590
31-DEC-2021,Steward Financial Group LLC,66
31-DEC-2021,SHIKIAR ASSET MANAGEMENT INC,269
31-DEC-2021,"Versant Capital Management, Inc",669
31-DEC-2021,"Scott & Selber, Inc.",9696
31-DEC-2021,Zeit Capital LLC,58
31-DEC-2021,"ZEKE CAPITAL ADVISORS, LLC",89745
31-DEC-2021,"Winfield Associates, Inc.",4001
31-DEC-2021,"Wilson & Boucher Capital Management, LLC",767
31-DEC-2021,Willis Investment Counsel,8934
31-DEC-2021,White Lighthouse investment Management Inc.,5830
31-DEC-2021,"Westchester Capital Management, Inc.",16632
31-DEC-2021,"Wellspring Financial Advisors, LLC",837
31-DEC-2021,Vigilare Wealth Management,4334
31-DEC-2021,"Endurance Wealth Management, Inc.",8598
31-DEC-2021,"Valeo Financial Advisors, LLC",19895
31-DEC-2021,TANAKA CAPITAL MANAGEMENT INC,811
31-DEC-2021,"VISTA CAPITAL PARTNERS, INC.",915
31-DEC-2021,Sigma Planning Corp,24770
31-DEC-2021,"Ensign Peak Advisors, Inc",2045652
31-DEC-2021,Selway Asset Management,9030
31-DEC-2021,Tredje AP-fonden,209543
31-DEC-2021,"Unconventional Investor, LLC",240
31-DEC-2021,VICUS CAPITAL,2917
31-DEC-2021,Security National Bank,997
30-SEP-2021,SAYBROOK CAPITAL /NC,60510
30-SEP-2021,Tredje AP-fonden,195990
30-SEP-2021,SCHAPER BENZ & WISE INVESTMENT COUNSEL INC/WI,51059
30-SEP-2021,SHIKIAR ASSET MANAGEMENT INC,249
30-SEP-2021,"Scott & Selber, Inc.",8982
30-SEP-2021,Security National Bank,987
30-SEP-2021,Selway Asset Management,8347
30-SEP-2021,TANAKA CAPITAL MANAGEMENT INC,940
30-SEP-2021,"Versant Capital Management, Inc",620
30-SEP-2021,"VISTA CAPITAL PARTNERS, INC.",502
30-SEP-2021,"Valeo Financial Advisors, LLC",36894
30-SEP-2021,Raab & Moskowitz Asset Management LLC,6034
30-SEP-2021,Vigilare Wealth Management,3989
30-SEP-2021,"Wellspring Financial Advisors, LLC",773
30-SEP-2021,"Westchester Capital Management, Inc.",15742
30-SEP-2021,Willis Investment Counsel,9478
30-SEP-2021,"Winfield Associates, Inc.",3746
30-SEP-2021,"Rock Point Advisors, LLC",4231
30-SEP-2021,"Parallel Advisors, LLC",55717
30-SEP-2021,"RVW Wealth, LLC",0
30-SEP-2021,MBA Advisors LLC,773
30-SEP-2021,"Halpern Financial, Inc.",13368
30-SEP-2021,"ZEKE CAPITAL ADVISORS, LLC",178140
30-SEP-2021,"LBMC INVESTMENT ADVISORS, LLC",4596
30-SEP-2021,"Laurel Wealth Advisors, Inc.",2524
30-SEP-2021,"Lebenthal Global Advisors, LLC",350
30-SEP-2021,"Legacy Financial Advisors, Inc.",1682
30-SEP-2021,"Lindbrook Capital, LLC",3537
30-SEP-2021,"MinichMacGregor Wealth Management, LLC",315
30-SEP-2021,Pointe Capital Management LLC,954
30-SEP-2021,"Nadler Financial Group, Inc.",4667
30-SEP-2021,"New England Investment & Retirement Group, Inc.",254
30-SEP-2021,NewSquare Capital LLC,118
30-SEP-2021,North Star Investment Management Corp.,10772
30-SEP-2021,PENN DAVIS MCFARLAND INC,103510
30-SEP-2021,"Pinnacle Holdings, LLC",269336
30-SEP-2021,"Pinnacle Wealth Planning Services, Inc.",3644
30-SEP-2021,"MKD WEALTH COACHES, LLC",187
30-SEP-2021,"Harfst & Associates, Inc.",2386
30-SEP-2021,Zeit Capital LLC,53
30-SEP-2021,"Cable Hill Partners, LLC",1497
30-SEP-2021,"Detalus Advisors, LLC",1422
30-SEP-2021,Delta Financial Advisors LLC,6129
30-SEP-2021,"Cubic Asset Management, LLC",401
30-SEP-2021,"Crossmark Global Holdings, Inc.",3845
30-SEP-2021,"Crescent Capital Consulting, LLC",80
30-SEP-2021,"Column Capital Advisors, LLC",1628
30-SEP-2021,"Clarity Wealth Advisors, LLC",8702
30-SEP-2021,"Carroll Financial Associates, Inc.",4378
30-SEP-2021,"Capital Directions Investment Advisors, LLC",492
30-SEP-2021,"Cahaba Wealth Management, Inc.",395
30-SEP-2021,"CONCENTRIC WEALTH MANAGEMENT, LLC",10889
30-SEP-2021,Indiana Trust & Investment Management CO,5927
30-SEP-2021,Brightworth,17682
30-SEP-2021,Bouchey Financial Group Ltd,3101
30-SEP-2021,Baystate Wealth Management LLC,995
30-SEP-2021,"Ballast, Inc.",272
30-SEP-2021,"Baker Avenue Asset Management, LP",25518
30-SEP-2021,BAXTER BROS INC,39982
30-SEP-2021,"American Money Management, LLC",7964
30-SEP-2021,AllSquare Wealth Management LLC,1144
30-SEP-2021,"AdvisorNet Financial, Inc",3713
30-SEP-2021,"Acropolis Investment Management, LLC",2547
30-SEP-2021,"Diversified Portfolios, Inc.",1132
30-SEP-2021,ENTERPRISE FINANCIAL SERVICES CORP,37
30-SEP-2021,Geo Capital Gestora de Recursos Ltd,3155
30-SEP-2021,"Edmonds Duncan Registered Investment Advisors, LLC",1150
30-SEP-2021,"Endurance Wealth Management, Inc.",7903
30-SEP-2021,"Ensign Peak Advisors, Inc",1883863
30-SEP-2021,"Filbrandt Wealth Management, LLC",11
30-SEP-2021,"Financial Advantage, Inc.",7718
30-SEP-2021,"Franklin, Parlapiano, Turner & Welch, LLC",340
30-SEP-2021,"Front Street Capital Management, Inc.",246
30-SEP-2021,"Fusion Capital, LLC",671
30-SEP-2021,"GILL CAPITAL PARTNERS, LLC",1158
30-JUN-2021,"Versant Capital Management, Inc",576
30-JUN-2021,"Sloy Dahl & Holst, LLC",538
30-JUN-2021,TANAKA CAPITAL MANAGEMENT INC,871
30-JUN-2021,Tredje AP-fonden,235586
30-JUN-2021,"VISTA CAPITAL PARTNERS, INC.",281
30-JUN-2021,"Valeo Financial Advisors, LLC",17066
30-JUN-2021,"IFP Advisors, Inc",0
30-JUN-2021,Vigilare Wealth Management,3641
30-JUN-2021,"Wellspring Financial Advisors, LLC",706
30-JUN-2021,ARCADIA INVESTMENT ADVISORS LLC,9897
30-JUN-2021,AMI INVESTMENT MANAGEMENT INC,10020
30-JUN-2021,"Harfst & Associates, Inc.",1985
30-JUN-2021,Sigma Planning Corp,14942
30-JUN-2021,Selway Asset Management,7728
30-JUN-2021,Security National Bank,610
30-JUN-2021,"Scott & Selber, Inc.",8704
30-JUN-2021,"Westchester Capital Management, Inc.",14233
30-JUN-2021,Willis Investment Counsel,7477
30-JUN-2021,"Winfield Associates, Inc.",3421
30-JUN-2021,"ZEKE CAPITAL ADVISORS, LLC",80687
30-JUN-2021,Zeit Capital LLC,30
30-JUN-2021,North Star Investment Management Corp.,9787
30-JUN-2021,PENN DAVIS MCFARLAND INC,96781
30-JUN-2021,"Paragon Wealth Strategies, LLC",95
30-JUN-2021,"Parallel Advisors, LLC",26020
30-JUN-2021,"Pinnacle Wealth Planning Services, Inc.",3290
30-JUN-2021,Pointe Capital Management LLC,896
30-JUN-2021,"Private Ocean, LLC",1023
30-JUN-2021,"RVW Wealth, LLC",0
30-JUN-2021,Raab & Moskowitz Asset Management LLC,5467
30-JUN-2021,"Rock Point Advisors, LLC",3928
30-JUN-2021,SAYBROOK CAPITAL /NC,56757
30-JUN-2021,SCHAPER BENZ & WISE INVESTMENT COUNSEL INC/WI,48643
30-JUN-2021,"Acropolis Investment Management, LLC",2352
30-JUN-2021,SHIKIAR ASSET MANAGEMENT INC,210
30-JUN-2021,NewSquare Capital LLC,112
30-JUN-2021,"New England Investment & Retirement Group, Inc.",222
30-JUN-2021,"Nadler Financial Group, Inc.",4379
30-JUN-2021,"MinichMacGregor Wealth Management, LLC",290
30-JUN-2021,"Carroll Financial Associates, Inc.",4015
30-JUN-2021,"Clarity Wealth Advisors, LLC",7515
30-JUN-2021,"Column Capital Advisors, LLC",1490
30-JUN-2021,"Crescent Capital Consulting, LLC",70
30-JUN-2021,Delta Financial Advisors LLC,5758
30-JUN-2021,"Detalus Advisors, LLC",1311
30-JUN-2021,"Diversified Portfolios, Inc.",452
30-JUN-2021,ENTERPRISE FINANCIAL SERVICES CORP,108
30-JUN-2021,"Edmonds Duncan Registered Investment Advisors, LLC",1050
30-JUN-2021,"Endurance Wealth Management, Inc.",7242
30-JUN-2021,"Ensign Peak Advisors, Inc",1738700
30-JUN-2021,"Financial Advantage, Inc.",7261
30-JUN-2021,"Franklin, Parlapiano, Turner & Welch, LLC",310
30-JUN-2021,"Front Street Capital Management, Inc.",237
30-JUN-2021,"Fusion Capital, LLC",588
30-JUN-2021,"GILL CAPITAL PARTNERS, LLC",1057
30-JUN-2021,Geo Capital Gestora de Recursos Ltd,5521
30-JUN-2021,"Halpern Financial, Inc.",12209
30-JUN-2021,"ISLAY CAPITAL MANAGEMENT, LLC",989
30-JUN-2021,"Capital Directions Investment Advisors, LLC",792
30-JUN-2021,"Cahaba Wealth Management, Inc.",227
30-JUN-2021,"Cable Hill Partners, LLC",1162
30-JUN-2021,"CONCENTRIC WEALTH MANAGEMENT, LLC",10323
30-JUN-2021,"MKD WEALTH COACHES, LLC",171
30-JUN-2021,MBA Advisors LLC,713
30-JUN-2021,Lionsbridge Wealth Management LLC,293
30-JUN-2021,"Lindbrook Capital, LLC",3770
30-JUN-2021,"Legacy Financial Advisors, Inc.",1490
30-JUN-2021,"Lebenthal Global Advisors, LLC",317
30-JUN-2021,"Laurel Wealth Advisors, Inc.",2608
30-JUN-2021,"LBMC INVESTMENT ADVISORS, LLC",4157
30-JUN-2021,Indiana Trust & Investment Management CO,4045
30-JUN-2021,"AdvisorNet Financial, Inc",8817
30-JUN-2021,AllSquare Wealth Management LLC,1148
30-JUN-2021,"American Money Management, LLC",7308
30-JUN-2021,BAXTER BROS INC,37828
30-JUN-2021,"Baker Avenue Asset Management, LP",24237
30-JUN-2021,"Ballast, Inc.",249
30-JUN-2021,Baystate Wealth Management LLC,918
30-JUN-2021,Bouchey Financial Group Ltd,2878
31-MAR-2021,AllSquare Wealth Management LLC,971
31-MAR-2021,AMI INVESTMENT MANAGEMENT INC,8251
31-MAR-2021,"Acropolis Investment Management, LLC",2128
31-MAR-2021,"AdvisorNet Financial, Inc",7582
31-MAR-2021,TANAKA CAPITAL MANAGEMENT INC,727
31-MAR-2021,"American Money Management, LLC",6140
31-MAR-2021,PENN DAVIS MCFARLAND INC,81357
31-MAR-2021,"RVW Wealth, LLC",1000
31-MAR-2021,"Private Ocean, LLC",904
31-MAR-2021,Pointe Capital Management LLC,765
31-MAR-2021,"Pinnacle Wealth Planning Services, Inc.",2780
31-MAR-2021,"Pinnacle Holdings, LLC",200553
31-MAR-2021,"Parallel Advisors, LLC",21291
31-MAR-2021,North Star Investment Management Corp.,8572
31-MAR-2021,"Rock Point Advisors, LLC",3251
31-MAR-2021,NewSquare Capital LLC,45
31-MAR-2021,"Nadler Financial Group, Inc.",3765
31-MAR-2021,"MinichMacGregor Wealth Management, LLC",243
31-MAR-2021,"MKD WEALTH COACHES, LLC",144
31-MAR-2021,MBA Advisors LLC,567
31-MAR-2021,Lionsbridge Wealth Management LLC,247
31-MAR-2021,Raab & Moskowitz Asset Management LLC,4688
31-MAR-2021,SAYBROOK CAPITAL /NC,47474
31-MAR-2021,BAXTER BROS INC,31876
31-MAR-2021,"Wellspring Financial Advisors, LLC",286
31-MAR-2021,Tredje AP-fonden,175924
31-MAR-2021,VICUS CAPITAL,1139
31-MAR-2021,"VISTA CAPITAL PARTNERS, INC.",213
31-MAR-2021,"Valeo Financial Advisors, LLC",43071
31-MAR-2021,"Versant Capital Management, Inc",470
31-MAR-2021,"WealthStone, Inc.",5762
31-MAR-2021,"Westchester Capital Management, Inc.",12097
31-MAR-2021,SCHAPER BENZ & WISE INVESTMENT COUNSEL INC/WI,41100
31-MAR-2021,Willis Investment Counsel,5451
31-MAR-2021,"Winfield Associates, Inc.",3244
31-MAR-2021,Sigma Planning Corp,11631
31-MAR-2021,Selway Asset Management,13304
31-MAR-2021,Security National Bank,516
31-MAR-2021,"Scott & Selber, Inc.",7234
31-MAR-2021,"Lindbrook Capital, LLC",3166
31-MAR-2021,"Legacy Financial Advisors, Inc.",1046
31-MAR-2021,"Lebenthal Global Advisors, LLC",231
31-MAR-2021,"Cahaba Wealth Management, Inc.",227
31-MAR-2021,Delta Financial Advisors LLC,4565
31-MAR-2021,"Crescent Capital Consulting, LLC",243
31-MAR-2021,"Column Capital Advisors, LLC",1242
31-MAR-2021,"Clarity Wealth Advisors, LLC",6387
31-MAR-2021,"Carroll Financial Associates, Inc.",3398
31-MAR-2021,"Capital Directions Investment Advisors, LLC",609
31-MAR-2021,"Cable Hill Partners, LLC",714
31-MAR-2021,"Laurel Wealth Advisors, Inc.",2234
31-MAR-2021,"CONCENTRIC WEALTH MANAGEMENT, LLC",8700
31-MAR-2021,COLONY GROUP LLC,88001
31-MAR-2021,Bouchey Financial Group Ltd,2475
31-MAR-2021,Baystate Wealth Management LLC,776
31-MAR-2021,"Ballast, Inc.",210
31-MAR-2021,"Baker Avenue Asset Management, LP",19699
31-MAR-2021,"Detalus Advisors, LLC",1108
31-MAR-2021,"Edmonds Duncan Registered Investment Advisors, LLC",887
31-MAR-2021,"Endurance Wealth Management, Inc.",6091
31-MAR-2021,"Ensign Peak Advisors, Inc",1499908
31-MAR-2021,Enterprise Financial Services Corp,204
31-MAR-2021,FAI Wealth Management,6170
31-MAR-2021,"Taylor, Cottrill, Erickson & Associates, Inc.",7258
31-MAR-2021,"Franklin, Parlapiano, Turner & Welch, LLC",262
31-MAR-2021,"Fusion Capital, LLC",479
31-MAR-2021,"GILL CAPITAL PARTNERS, LLC",938
31-MAR-2021,Geo Capital Gestora de Recursos Ltd,5268
31-MAR-2021,"Halpern Financial, Inc.",10313
31-MAR-2021,"Harfst & Associates, Inc.",1852
31-MAR-2021,"IFP Advisors, Inc",0
31-MAR-2021,"ISLAY CAPITAL MANAGEMENT, LLC",990
31-MAR-2021,Indiana Trust & Investment Management CO,4682
31-MAR-2021,"LBMC INVESTMENT ADVISORS, LLC",1599
31-MAR-2021,FCA CORP /TX,920
31-DEC-2020,"Crescent Capital Consulting, LLC",43
31-DEC-2020,Swedbank,0
31-DEC-2020,"Nadler Financial Group, Inc.",3092
31-DEC-2020,"RVW Wealth, LLC",1000
31-DEC-2020,Pointe Capital Management LLC,634
31-DEC-2020,"Pinnacle Wealth Planning Services, Inc.",2107
31-DEC-2020,"Pinnacle Holdings, LLC",140150
31-DEC-2020,"Parallel Advisors, LLC",13879
31-DEC-2020,PENN DAVIS MCFARLAND INC,70195
31-DEC-2020,North Star Investment Management Corp.,7070
31-DEC-2020,"MinichMacGregor Wealth Management, LLC",219
31-DEC-2020,"ISLAY CAPITAL MANAGEMENT, LLC",706
31-DEC-2020,"Mackey Komara & Dankovich, LLC",123
31-DEC-2020,Lionsbridge Wealth Management LLC,210
31-DEC-2020,"Lindbrook Capital, LLC",2592
31-DEC-2020,"Legacy Financial Advisors, Inc.",813
31-DEC-2020,"Lebenthal Global Advisors, LLC",196
31-DEC-2020,"Laurel Wealth Advisors, Inc.",1590
31-DEC-2020,"LBMC INVESTMENT ADVISORS, LLC",1375
31-DEC-2020,Raab & Moskowitz Asset Management LLC,4032
31-DEC-2020,"Rock Point Advisors, LLC",2778
31-DEC-2020,SAYBROOK CAPITAL /NC,40395
31-DEC-2020,SCHAPER BENZ & WISE INVESTMENT COUNSEL INC/WI,36130
31-DEC-2020,Zeit Capital LLC,35078
31-DEC-2020,"Winfield Associates, Inc.",2846
31-DEC-2020,Willis Investment Counsel,4611
31-DEC-2020,"Westchester Capital Management, Inc.",10302
31-DEC-2020,"Wellspring Financial Advisors, LLC",503
31-DEC-2020,"WealthStone, Inc.",4649
31-DEC-2020,"Versant Capital Management, Inc",396
31-DEC-2020,"Valeo Financial Advisors, LLC",36066
31-DEC-2020,VICUS CAPITAL,887
31-DEC-2020,Tredje AP-fonden,131532
31-DEC-2020,"Taylor, Cottrill, Erickson & Associates, Inc.",6162
31-DEC-2020,TANAKA CAPITAL MANAGEMENT INC,616
31-DEC-2020,Selway Asset Management,5731
31-DEC-2020,Security National Bank,429
31-DEC-2020,"Scott & Selber, Inc.",6132
31-DEC-2020,Indiana Trust & Investment Management CO,4045
31-DEC-2020,NewSquare Capital LLC,39
31-DEC-2020,"IFP Advisors, Inc",0
31-DEC-2020,"Baker Avenue Asset Management, LP",11840
31-DEC-2020,"Capital Directions Investment Advisors, LLC",1552
31-DEC-2020,"Cable Hill Partners, LLC",594
31-DEC-2020,"CONCENTRIC WEALTH MANAGEMENT, LLC",7331
31-DEC-2020,COLONY GROUP LLC,68440
31-DEC-2020,Bouchey Financial Group Ltd,2166
31-DEC-2020,Baystate Wealth Management LLC,678
31-DEC-2020,BAXTER BROS INC,27127
31-DEC-2020,"Clarity Wealth Advisors, LLC",5475
31-DEC-2020,"American Money Management, LLC",5291
31-DEC-2020,"Harfst & Associates, Inc.",1372
31-DEC-2020,"AdvisorNet Financial, Inc",6718
31-DEC-2020,"Acropolis Investment Management, LLC",1826
31-DEC-2020,"Abbot Financial Management, Inc.",3479
31-DEC-2020,AMI INVESTMENT MANAGEMENT INC,6988
31-DEC-2020,"Carroll Financial Associates, Inc.",2738
31-DEC-2020,AllSquare Wealth Management LLC,806
31-DEC-2020,"Column Capital Advisors, LLC",1129
31-DEC-2020,"Ensign Peak Advisors, Inc",1259974
31-DEC-2020,"Halpern Financial, Inc.",8763
31-DEC-2020,Geo Capital Gestora de Recursos Ltd,6401
31-DEC-2020,"Fusion Capital, LLC",440
31-DEC-2020,"Franklin, Parlapiano, Turner & Welch, LLC",223
31-DEC-2020,FCA CORP /TX,1564
31-DEC-2020,FAI Wealth Management,6373
31-DEC-2020,"GILL CAPITAL PARTNERS, LLC",797
31-DEC-2020,"Endurance Wealth Management, Inc.",5116
31-DEC-2020,"Edmonds Duncan Registered Investment Advisors, LLC",905
31-DEC-2020,ENTERPRISE FINANCIAL SERVICES CORP,173
31-DEC-2020,"Detalus Advisors, LLC",883
30-SEP-2020,"LBMC INVESTMENT ADVISORS, LLC",1159
30-SEP-2020,"Harfst & Associates, Inc.",1113
30-SEP-2020,"Fusion Capital, LLC",399
30-SEP-2020,"GILL CAPITAL PARTNERS, LLC",667
30-SEP-2020,Geo Capital Gestora de Recursos Ltd,4240
30-SEP-2020,"Halpern Financial, Inc.",7328
30-SEP-2020,"ISLAY CAPITAL MANAGEMENT, LLC",649
30-SEP-2020,"Hunter Perkins Capital Management, LLC",1029
30-SEP-2020,"IFP Advisors, Inc",0
30-SEP-2020,"Legacy Financial Advisors, Inc.",730
30-SEP-2020,Indiana Trust & Investment Management CO,3476
30-SEP-2020,FAI Wealth Management,5688
30-SEP-2020,"Filbrandt Wealth Management, LLC",73
30-SEP-2020,"Clarity Wealth Advisors, LLC",4524
30-SEP-2020,"Ensign Peak Advisors, Inc",1115363
30-SEP-2020,"Endurance Wealth Management, Inc.",4263
30-SEP-2020,"Edmonds Duncan Registered Investment Advisors, LLC",630
30-SEP-2020,"Detalus Advisors, LLC",737
30-SEP-2020,Delta Financial Advisors LLC,3258
30-SEP-2020,"Column Capital Advisors, LLC",1161
30-SEP-2020,"Capital Directions Investment Advisors, LLC",517
30-SEP-2020,Bouchey Financial Group Ltd,3628
30-SEP-2020,COLONY GROUP LLC,62124
30-SEP-2020,"CONCENTRIC WEALTH MANAGEMENT, LLC",6177
30-SEP-2020,"Cable Hill Partners, LLC",573
30-SEP-2020,"Carroll Financial Associates, Inc.",2186
30-SEP-2020,"Nadler Financial Group, Inc.",2581
30-SEP-2020,"Lindbrook Capital, LLC",2171
30-SEP-2020,DOCK STREET ASSET MANAGEMENT INC,17450
30-SEP-2020,NewSquare Capital LLC,32
30-SEP-2020,Swedbank,346
30-SEP-2020,"Winfield Associates, Inc.",2475
30-SEP-2020,Willis Investment Counsel,3254
30-SEP-2020,"Westchester Capital Management, Inc.",8713
30-SEP-2020,"Wellspring Financial Advisors, LLC",362
30-SEP-2020,"Wellesley Investment Partners, LLC",828
30-SEP-2020,"Ballast, Inc.",230
30-SEP-2020,"WealthStone, Inc.",3800
30-SEP-2020,"Versant Capital Management, Inc",331
30-SEP-2020,"Valeo Financial Advisors, LLC",9477
30-SEP-2020,VICUS CAPITAL,596
30-SEP-2020,Tredje AP-fonden,140287
30-SEP-2020,TANAKA CAPITAL MANAGEMENT INC,517
30-SEP-2020,Selway Asset Management,4793
30-SEP-2020,North Star Investment Management Corp.,5861
30-SEP-2020,Security National Bank,352
30-SEP-2020,"Scott & Selber, Inc.",5398
30-SEP-2020,SCHAPER BENZ & WISE INVESTMENT COUNSEL INC/WI,32089
30-SEP-2020,SAYBROOK CAPITAL /NC,33962
30-SEP-2020,"Rock Point Advisors, LLC",2354
30-SEP-2020,Raab & Moskowitz Asset Management LLC,3391
30-SEP-2020,"RVW Wealth, LLC",232
30-SEP-2020,"Private Ocean, LLC",815
30-SEP-2020,Pointe Capital Management LLC,585
30-SEP-2020,"Pinnacle Wealth Planning Services, Inc.",1712
30-SEP-2020,"Parallel Advisors, LLC",11920
30-SEP-2020,PENN DAVIS MCFARLAND INC,59934
30-SEP-2020,Baystate Wealth Management LLC,576
30-SEP-2020,ENTERPRISE FINANCIAL SERVICES CORP,224
30-SEP-2020,"Baker Avenue Asset Management, LP",5031
30-SEP-2020,BAXTER BROS INC,22636
30-SEP-2020,"American Money Management, LLC",4512
30-SEP-2020,AllSquare Wealth Management LLC,674
30-SEP-2020,"AdvisorNet Financial, Inc",6017
30-SEP-2020,"Acropolis Investment Management, LLC",1502
30-SEP-2020,"Abbot Financial Management, Inc.",3072
30-SEP-2020,AMI INVESTMENT MANAGEMENT INC,5861
30-SEP-2020,BOSTON FAMILY OFFICE LLC,17480
30-JUN-2020,"Ballast, Inc.",222
30-JUN-2020,AllSquare Wealth Management LLC,684
30-JUN-2020,"American Money Management, LLC",4618
30-JUN-2020,BAXTER BROS INC,22729
30-JUN-2020,BOSTON FAMILY OFFICE LLC,16946
30-JUN-2020,"Baker Avenue Asset Management, LP",4654
30-JUN-2020,Balentine LLC,468
30-JUN-2020,"CONCENTRIC WEALTH MANAGEMENT, LLC",5969
30-JUN-2020,Baystate Wealth Management LLC,875
30-JUN-2020,CAZ INVESTMENTS LP,2403
30-JUN-2020,COLONY GROUP LLC,60446
30-JUN-2020,"Acropolis Investment Management, LLC",1182
30-JUN-2020,"Cable Hill Partners, LLC",672
30-JUN-2020,"Capital Directions Investment Advisors, LLC",499
30-JUN-2020,"AdvisorNet Financial, Inc",5616
30-JUN-2020,"ISLAY CAPITAL MANAGEMENT, LLC",638
30-JUN-2020,"Abbot Financial Management, Inc.",2971
30-JUN-2020,AMI INVESTMENT MANAGEMENT INC,5458
30-JUN-2020,"Hunter Perkins Capital Management, LLC",990
30-JUN-2020,"IFP Advisors, Inc",0
30-JUN-2020,Certified Advisory Corp,1707
30-JUN-2020,Indiana Trust & Investment Management CO,3552
30-JUN-2020,"LBMC INVESTMENT ADVISORS, LLC",685
30-JUN-2020,"Laurel Wealth Advisors, Inc.",1369
30-JUN-2020,"Lindbrook Capital, LLC",2079
30-JUN-2020,"Nadler Financial Group, Inc.",1547
30-JUN-2020,NewSquare Capital LLC,31
30-JUN-2020,North Star Investment Management Corp.,5268
30-JUN-2020,PENN DAVIS MCFARLAND INC,57939
30-JUN-2020,"Parallel Advisors, LLC",11498
30-JUN-2020,"Pinnacle Wealth Planning Services, Inc.",1703
30-JUN-2020,"Carroll Financial Associates, Inc.",2113
30-JUN-2020,Delta Financial Advisors LLC,3212
30-JUN-2020,"Clarity Wealth Advisors, LLC",4374
30-JUN-2020,VICUS CAPITAL,471
30-JUN-2020,"Scott & Selber, Inc.",5155
30-JUN-2020,Security National Bank,350
30-JUN-2020,Selway Asset Management,4637
30-JUN-2020,Swedbank,318
30-JUN-2020,TANAKA CAPITAL MANAGEMENT INC,499
30-JUN-2020,Tredje AP-fonden,103641
30-JUN-2020,"Valeo Financial Advisors, LLC",7317
30-JUN-2020,"Column Capital Advisors, LLC",1175
30-JUN-2020,"Versant Capital Management, Inc",320
30-JUN-2020,"WealthStone, Inc.",1901530
30-JUN-2020,"Wellesley Investment Partners, LLC",759
30-JUN-2020,"Wellspring Financial Advisors, LLC",323
30-JUN-2020,Willis Investment Counsel,3128
30-JUN-2020,"Winfield Associates, Inc.",2416
30-JUN-2020,SCHAPER BENZ & WISE INVESTMENT COUNSEL INC/WI,31500
30-JUN-2020,SAYBROOK CAPITAL /NC,32518
30-JUN-2020,"Rudd International, Inc.",1134
30-JUN-2020,"Rock Point Advisors, LLC",2299
30-JUN-2020,Raab & Moskowitz Asset Management LLC,3338
30-JUN-2020,Geo Capital Gestora de Recursos Ltd,4689
30-JUN-2020,"GILL CAPITAL PARTNERS, LLC",675
30-JUN-2020,"Fusion Capital, LLC",400
30-JUN-2020,"Filbrandt Wealth Management, LLC",187
30-JUN-2020,FAI Wealth Management,9051
30-JUN-2020,"Ensign Peak Advisors, Inc",1101147
30-JUN-2020,"Endurance Wealth Management, Inc.",4121
30-JUN-2020,"Edmonds Duncan Registered Investment Advisors, LLC",610
30-JUN-2020,ENTERPRISE FINANCIAL SERVICES CORP,245
30-JUN-2020,"Detalus Advisors, LLC",712
30-JUN-2020,"Private Ocean, LLC",894
30-JUN-2020,DOCK STREET ASSET MANAGEMENT INC,16780
30-JUN-2020,Pointe Capital Management LLC,566
30-JUN-2020,"Harfst & Associates, Inc.",1089
30-JUN-2020,"Halpern Financial, Inc.",9926
30-JUN-2020,"RVW Wealth, LLC",224
31-MAR-2020,"Abbot Financial Management, Inc.",2476
31-MAR-2020,"PWMCO, LLC",581
31-MAR-2020,Raab & Moskowitz Asset Management LLC,2684
31-MAR-2020,"RVW Wealth, LLC",205
31-MAR-2020,"Private Ocean, LLC",755
31-MAR-2020,Pointe Capital Management LLC,464
31-MAR-2020,"Pinnacle Wealth Planning Services, Inc.",1806
31-MAR-2020,"Parallel Advisors, LLC",8900
31-MAR-2020,PENN DAVIS MCFARLAND INC,47724
31-MAR-2020,"Rudd International, Inc.",895
31-MAR-2020,North Star Investment Management Corp.,4436
31-MAR-2020,NewSquare Capital LLC,114
31-MAR-2020,"New England Investment & Retirement Group, Inc.",5
31-MAR-2020,"Nadler Financial Group, Inc.",1252
31-MAR-2020,"Lindbrook Capital, LLC",1462
31-MAR-2020,"Rock Point Advisors, LLC",1866
31-MAR-2020,SCHAPER BENZ & WISE INVESTMENT COUNSEL INC/WI,26631
31-MAR-2020,SAYBROOK CAPITAL /NC,41458
31-MAR-2020,AMI INVESTMENT MANAGEMENT INC,4699
31-MAR-2020,"Scott & Selber, Inc.",4287
31-MAR-2020,Security National Bank,287
31-MAR-2020,Selway Asset Management,3891
31-MAR-2020,Swedbank,127
31-MAR-2020,TANAKA CAPITAL MANAGEMENT INC,410
31-MAR-2020,Tredje AP-fonden,157478
31-MAR-2020,VICUS CAPITAL,338
31-MAR-2020,"Valeo Financial Advisors, LLC",6323
31-MAR-2020,"Versant Capital Management, Inc",268
31-MAR-2020,"Wellspring Financial Advisors, LLC",286
31-MAR-2020,Willis Investment Counsel,2112
31-MAR-2020,"Winfield Associates, Inc.",2038
31-MAR-2020,Zebra Capital Management LLC,240
31-MAR-2020,"Laurel Wealth Advisors, Inc.",1442
31-MAR-2020,"LBMC INVESTMENT ADVISORS, LLC",536
31-MAR-2020,Indiana Trust & Investment Management CO,2932
31-MAR-2020,Baystate Wealth Management LLC,648
31-MAR-2020,Certified Advisory Corp,1414
31-MAR-2020,"Carroll Financial Associates, Inc.",1537
31-MAR-2020,"Capital Directions Investment Advisors, LLC",411
31-MAR-2020,"Cable Hill Partners, LLC",551
31-MAR-2020,"CONCENTRIC WEALTH MANAGEMENT, LLC",4842
31-MAR-2020,COLONY GROUP LLC,46860
31-MAR-2020,Balentine LLC,480
31-MAR-2020,"ISLAY CAPITAL MANAGEMENT, LLC",473
31-MAR-2020,"Baker Avenue Asset Management, LP",3582
31-MAR-2020,BOSTON FAMILY OFFICE LLC,13735
31-MAR-2020,BAXTER BROS INC,18914
31-MAR-2020,AllSquare Wealth Management LLC,564
31-MAR-2020,"AdvisorNet Financial, Inc",4494
31-MAR-2020,"Acropolis Investment Management, LLC",958
31-MAR-2020,"Clarity Wealth Advisors, LLC",3677
31-MAR-2020,"Column Capital Advisors, LLC",907
31-MAR-2020,DOCK STREET ASSET MANAGEMENT INC,15854
31-MAR-2020,Delta Financial Advisors LLC,2599
31-MAR-2020,"Detalus Advisors, LLC",580
31-MAR-2020,ENTERPRISE FINANCIAL SERVICES CORP,200
31-MAR-2020,"Edmonds Duncan Registered Investment Advisors, LLC",500
31-MAR-2020,"Endurance Wealth Management, Inc.",7093
31-MAR-2020,"Ensign Peak Advisors, Inc",925943
31-MAR-2020,"Financial Advantage, Inc.",7447
31-MAR-2020,"Fusion Capital, LLC",292
31-MAR-2020,G&S Capital LLC,51
31-MAR-2020,"GILL CAPITAL PARTNERS, LLC",547
31-MAR-2020,Geo Capital Gestora de Recursos Ltd,7188
31-MAR-2020,"Halpern Financial, Inc.",5810
31-MAR-2020,"Harfst & Associates, Inc.",352
31-MAR-2020,"IFP Advisors, Inc",0
31-MAR-2020,"American Money Management, LLC",3809
31-DEC-2019,"Fusion Capital, LLC",342
31-DEC-2019,ENTERPRISE FINANCIAL SERVICES CORP,236
31-DEC-2019,"Halpern Financial, Inc.",13394
31-DEC-2019,"Edmonds Duncan Registered Investment Advisors, LLC",576
31-DEC-2019,"Endurance Wealth Management, Inc.",3740
31-DEC-2019,"Ensign Peak Advisors, Inc",1049473
31-DEC-2019,"Financial Advantage, Inc.",8712
31-DEC-2019,"AdvisorNet Financial, Inc",5840
31-DEC-2019,G&S Capital LLC,92
31-DEC-2019,"Harfst & Associates, Inc.",391
31-DEC-2019,"Detalus Advisors, LLC",766
31-DEC-2019,"Horrell Capital Management, Inc.",14
31-DEC-2019,"ISLAY CAPITAL MANAGEMENT, LLC",451
31-DEC-2019,Indiana Trust & Investment Management CO,3441
31-DEC-2019,"LBMC INVESTMENT ADVISORS, LLC",603
31-DEC-2019,"Laurel Wealth Advisors, Inc.",2248
31-DEC-2019,"Legacy Financial Advisors, Inc.",540
31-DEC-2019,AllSquare Wealth Management LLC,663
31-DEC-2019,Delta Financial Advisors LLC,3697
31-DEC-2019,Lionsbridge Wealth Management LLC,127
31-DEC-2019,"CONCENTRIC WEALTH MANAGEMENT, LLC",5518
31-DEC-2019,BAXTER BROS INC,23390
31-DEC-2019,BOSTON FAMILY OFFICE LLC,15550
31-DEC-2019,"Baker Avenue Asset Management, LP",4670
31-DEC-2019,Balentine LLC,593
31-DEC-2019,Baystate Wealth Management LLC,701
31-DEC-2019,COLONY GROUP LLC,55744
31-DEC-2019,"Cable Hill Partners, LLC",605
31-DEC-2019,DOCK STREET ASSET MANAGEMENT INC,18066
31-DEC-2019,"Capital Directions Investment Advisors, LLC",472
31-DEC-2019,"Carroll Financial Associates, Inc.",1686
31-DEC-2019,Certified Advisory Corp,1651
31-DEC-2019,"Clarity Wealth Advisors, LLC",4357
31-DEC-2019,"Column Capital Advisors, LLC",1111
31-DEC-2019,"Corrigan Financial, Inc.",369672
31-DEC-2019,"Lindbrook Capital, LLC",1863
31-DEC-2019,"Nadler Financial Group, Inc.",1479
31-DEC-2019,"American Money Management, LLC",4290
31-DEC-2019,NewSquare Capital LLC,115
31-DEC-2019,AMI INVESTMENT MANAGEMENT INC,5529
31-DEC-2019,AMJ Financial Wealth Management,2821
31-DEC-2019,"Abbot Financial Management, Inc.",2868
31-DEC-2019,"Acropolis Investment Management, LLC",1156
31-DEC-2019,"Winfield Associates, Inc.",2452
31-DEC-2019,"Versant Capital Management, Inc",158
31-DEC-2019,"Valeo Financial Advisors, LLC",7118
31-DEC-2019,VICUS CAPITAL,384
31-DEC-2019,Tredje AP-fonden,52550
31-DEC-2019,"Taylor, Cottrill, Erickson & Associates, Inc.",5312
31-DEC-2019,TANAKA CAPITAL MANAGEMENT INC,471
31-DEC-2019,Swedbank,60
31-DEC-2019,Selway Asset Management,4549
31-DEC-2019,Security National Bank,331
31-DEC-2019,"Scott & Selber, Inc.",3060
31-DEC-2019,SCHAPER BENZ & WISE INVESTMENT COUNSEL INC/WI,30688
31-DEC-2019,"Point View Wealth Management, Inc.",413
31-DEC-2019,North Star Investment Management Corp.,5548
31-DEC-2019,PENN DAVIS MCFARLAND INC,56664
31-DEC-2019,PIN OAK INVESTMENT ADVISORS INC,1902
31-DEC-2019,"PWMCO, LLC",669
31-DEC-2019,"Parallel Advisors, LLC",9230
31-DEC-2019,SAYBROOK CAPITAL /NC,30546
31-DEC-2019,"Pinnacle Wealth Planning Services, Inc.",2030
31-DEC-2019,Pointe Capital Management LLC,534
31-DEC-2019,"Private Ocean, LLC",672
31-DEC-2019,"RVW Wealth, LLC",214
31-DEC-2019,Raab & Moskowitz Asset Management LLC,3075
31-DEC-2019,Retirement Network,230
31-DEC-2019,"Rudd International, Inc.",1070
31-DEC-2019,"B. Riley Wealth Management, Inc.",4135
30-SEP-2019,ARCADIA INVESTMENT ADVISORS LLC,97606
30-JUN-2019,ARCADIA INVESTMENT ADVISORS LLC,86548
31-MAR-2019,ARCADIA INVESTMENT ADVISORS LLC,94008
31-DEC-2018,"GILL CAPITAL PARTNERS, LLC",713
31-DEC-2018,ARCADIA INVESTMENT ADVISORS LLC,108190
30-SEP-2018,ARCADIA INVESTMENT ADVISORS LLC,124828
30-JUN-2018,ARCADIA INVESTMENT ADVISORS LLC,116732
31-MAR-2018,ARCADIA INVESTMENT ADVISORS LLC,107584
31-DEC-2017,ARCADIA INVESTMENT ADVISORS LLC,109190
30-SEP-2015,AZZAD ASSET MANAGEMENT INC /ADV,2090001
30-SEP-2015,Citizens Business Bank,5411
30-JUN-2015,AZZAD ASSET MANAGEMENT INC /ADV,1728481
30-JUN-2015,Citizens Business Bank,4611
31-MAR-2015,AZZAD ASSET MANAGEMENT INC /ADV,1792777
31-MAR-2015,Citizens Business Bank,4522
31-DEC-2014,Citizens Business Bank,3749
31-DEC-2014,AZZAD ASSET MANAGEMENT INC /ADV,1458237
30-SEP-2014,Citizens Business Bank,3911
30-SEP-2014,AZZAD ASSET MANAGEMENT INC /ADV,1718151
30-JUN-2014,AZZAD ASSET MANAGEMENT INC /ADV,1669738
30-JUN-2014,Citizens Business Bank,3740
30-JUN-2014,Silphium Asset Management Ltd,287640
31-MAR-2014,Citizens Business Bank,1564
31-MAR-2014,AZZAD ASSET MANAGEMENT INC /ADV,1588488
31-DEC-2013,AZZAD ASSET MANAGEMENT INC /ADV,1512531
31-DEC-2013,Citizens Business Bank,1289
30-SEP-2013,Citizens Business Bank,717
30-SEP-2013,AZZAD ASSET MANAGEMENT INC /ADV,1469293
30-JUN-2013,AZZAD ASSET MANAGEMENT INC /ADV,1469293
31-MAR-2013,AZZAD ASSET MANAGEMENT INC /ADV,1424910
31-DEC-2012,AZZAD ASSET MANAGEMENT INC /ADV,897744
30-SEP-2011,AZZAD ASSET MANAGEMENT INC /ADV,221511
30-JUN-2011,AZZAD ASSET MANAGEMENT INC /ADV,705563
31-MAR-2011,AZZAD ASSET MANAGEMENT INC /ADV,394735
31-DEC-2010,AZZAD ASSET MANAGEMENT INC /ADV,415321
