FILINGMANAGER_NAME,2020Q1,2020Q2,2020Q3,2020Q4,2021Q1,2021Q2,2021Q3,2021Q4,2022Q1,2022Q2,2022Q3,2022Q4,2023Q1,2023Q2,2023Q3,2023Q4,2024Q1,2024Q2,2024Q3,2024Q4
"A. D. Beadell Investment Counsel, Inc.",0.0,0.0,0.0,0.0,0.0,0.0,0.0,263.0,256.0,0.0,0.0,0.0,0.0,0.0,0.0,0.0,0.0,0.0,0.0,0.0
AMI INVESTMENT MANAGEMENT INC,4699.0,5458.0,5861.0,6988.0,8251.0,10020.0,0.0,0.0,0.0,0.0,0.0,0.0,0.0,0.0,0.0,0.0,0.0,0.0,0.0,0.0
AMJ Financial Wealth Management,0.0,0.0,0.0,0.0,0.0,0.0,0.0,0.0,0.0,0.0,0.0,0.0,0.0,0.0,5660611.0,5979011.0,7204342.0,8848665.0,5292605.0,6135402.0
ARCADIA INVESTMENT ADVISORS LLC,0.0,0.0,0.0,0.0,0.0,9897.0,0.0,0.0,0.0,0.0,0.0,0.0,0.0,0.0,0.0,0.0,0.0,0.0,0.0,0.0
"ATALANTA SOSNOFF CAPITAL, LLC",0.0,0.0,0.0,0.0,0.0,0.0,0.0,0.0,0.0,0.0,0.0,4411594.0,0.0,0.0,0.0,0.0,0.0,0.0,0.0,0.0
"Abbot Financial Management, Inc.",2476.0,2971.0,3072.0,3479.0,0.0,0.0,0.0,0.0,0.0,0.0,0.0,0.0,0.0,0.0,0.0,0.0,0.0,0.0,0.0,0.0
"Acropolis Investment Management, LLC",958.0,1182.0,1502.0,1826.0,2128.0,2352.0,2547.0,2729.0,2728.0,2195.0,1937.0,2158994.0,2880711.0,3459640.0,4362722.0,4697068.0,5057018.0,6350548.0,12075459.0,6663975.0
"AdvisorNet Financial, Inc",4494.0,5616.0,6017.0,6718.0,7582.0,8817.0,3713.0,4143.0,4739.0,3864.0,3607.0,2059926.0,2478652.0,2810942.0,2643532.0,3249081.0,3486064.0,4252059.0,4646211.0,5037170.0
AllSquare Wealth Management LLC,564.0,684.0,674.0,806.0,971.0,1148.0,1144.0,1263.0,1257.0,1018.0,883.0,840832.0,1002654.0,1195394.0,1255340.0,1381953.0,1560918.0,1873777.0,1638930.0,1908523.0
"American Money Management, LLC",3809.0,4618.0,4512.0,5291.0,6140.0,7308.0,7964.0,8542.0,7815.0,6180.0,5421.0,5190091.0,6011047.0,6976430.0,7762502.0,8179920.0,8660951.0,7561775.0,6715499.0,7659893.0
"Asset Planning,Inc",0.0,0.0,0.0,0.0,0.0,0.0,0.0,0.0,0.0,0.0,0.0,0.0,0.0,0.0,0.0,0.0,0.0,0.0,0.0,7359545.0
Avondale Wealth Management,0.0,0.0,0.0,0.0,0.0,0.0,0.0,0.0,19.0,0.0,0.0,0.0,0.0,0.0,0.0,0.0,0.0,0.0,0.0,0.0
BAKER BOYER NATIONAL BANK,0.0,0.0,0.0,0.0,0.0,0.0,0.0,0.0,0.0,0.0,0.0,0.0,0.0,0.0,0.0,0.0,0.0,1634440.0,1560900.0,1721112.0
BAXTER BROS INC,18914.0,22729.0,22636.0,27127.0,31876.0,37828.0,39982.0,43395.0,42001.0,33495.0,28835.0,26536000.0,30818568.0,35602922.0,38389054.0,40254505.0,0.0,0.0,0.0,0.0
BOSTON FAMILY OFFICE LLC,13735.0,16946.0,17480.0,0.0,0.0,0.0,0.0,0.0,0.0,0.0,0.0,0.0,0.0,0.0,0.0,0.0,0.0,0.0,0.0,0.0
"Baker Avenue Asset Management, LP",3582.0,4654.0,5031.0,11840.0,19699.0,24237.0,25518.0,0.0,29289.0,23291.0,18973.0,16886428.0,21505795.0,25123323.0,27447125.0,60237858.0,32506041.0,0.0,0.0,0.0
Balentine LLC,480.0,468.0,0.0,0.0,0.0,0.0,0.0,0.0,0.0,0.0,0.0,0.0,0.0,0.0,0.0,0.0,0.0,0.0,0.0,0.0
"Ballast, Inc.",0.0,222.0,230.0,0.0,210.0,249.0,272.0,275.0,472.0,370.0,325.0,0.0,0.0,0.0,0.0,0.0,0.0,0.0,0.0,0.0
"Battery Global Advisors, LLC",0.0,0.0,0.0,0.0,0.0,0.0,0.0,0.0,0.0,0.0,0.0,0.0,0.0,0.0,0.0,0.0,0.0,0.0,0.0,795397.0
Baystate Wealth Management LLC,648.0,875.0,576.0,678.0,776.0,918.0,995.0,1083.0,1146.0,1183.0,1013.0,956.0,868324.0,1145649.0,1405829.0,2047157.0,0.0,0.0,0.0,0.0
"Bear Mountain Capital, Inc.",0.0,0.0,0.0,0.0,0.0,0.0,0.0,0.0,0.0,0.0,0.0,0.0,0.0,0.0,0.0,0.0,0.0,0.0,0.0,990.0
"Berger Financial Group, Inc",0.0,0.0,0.0,0.0,0.0,0.0,0.0,10749.0,10188.0,8549.0,0.0,0.0,0.0,0.0,0.0,0.0,0.0,0.0,0.0,0.0
Bouchey Financial Group Ltd,0.0,0.0,3628.0,2166.0,2475.0,2878.0,3101.0,3193.0,3064.0,2400.0,2151.0,2021393.0,0.0,0.0,0.0,0.0,0.0,0.0,0.0,0.0
Brightworth,0.0,0.0,0.0,0.0,0.0,0.0,17682.0,19410.0,19016.0,16033.0,15184.0,0.0,0.0,0.0,0.0,0.0,0.0,0.0,0.0,0.0
CAZ INVESTMENTS LP,0.0,2403.0,0.0,0.0,0.0,0.0,0.0,0.0,0.0,0.0,0.0,0.0,0.0,0.0,0.0,0.0,0.0,0.0,0.0,0.0
COLONY GROUP LLC,46860.0,60446.0,62124.0,68440.0,88001.0,0.0,0.0,0.0,0.0,0.0,0.0,0.0,0.0,0.0,0.0,0.0,0.0,0.0,0.0,0.0
"CONCENTRIC WEALTH MANAGEMENT, LLC",4842.0,5969.0,6177.0,7331.0,8700.0,10323.0,10889.0,11580.0,11073.0,8813.0,7854.0,7320204.0,8702222.0,9804746.0,10934607.0,11715164.0,12715173.0,15334750.0,13832335.0,0.0
"CPWM, LLC",0.0,0.0,0.0,0.0,0.0,0.0,0.0,0.0,0.0,0.0,10940.0,0.0,0.0,0.0,0.0,0.0,0.0,0.0,0.0,0.0
"CURIO WEALTH, LLC",0.0,0.0,0.0,0.0,0.0,0.0,0.0,0.0,0.0,0.0,0.0,0.0,0.0,0.0,0.0,0.0,0.0,0.0,0.0,1632540.0
"Cable Hill Partners, LLC",551.0,672.0,573.0,594.0,714.0,1162.0,1497.0,1709.0,0.0,0.0,0.0,0.0,0.0,0.0,0.0,0.0,0.0,0.0,0.0,0.0
"Cahaba Wealth Management, Inc.",0.0,0.0,0.0,0.0,227.0,227.0,395.0,440.0,333.0,313.0,347.0,0.0,0.0,0.0,0.0,0.0,0.0,0.0,0.0,0.0
"Capital Directions Investment Advisors, LLC",411.0,499.0,517.0,1552.0,609.0,792.0,492.0,0.0,875.0,605.0,539.0,522364.0,0.0,0.0,0.0,0.0,0.0,0.0,0.0,0.0
"Carmel Capital Partners, LLC",0.0,0.0,0.0,0.0,0.0,0.0,0.0,0.0,0.0,0.0,0.0,0.0,124476.0,143640.0,0.0,0.0,0.0,0.0,0.0,0.0
"Carroll Financial Associates, Inc.",1537.0,2113.0,2186.0,2738.0,3398.0,4015.0,4378.0,4202.0,0.0,0.0,0.0,0.0,0.0,0.0,0.0,0.0,0.0,0.0,0.0,0.0
"Cassady Schiller Wealth Management, LLC",0.0,0.0,0.0,0.0,0.0,0.0,0.0,1081.0,1041.0,676.0,740.0,1238749.0,659080.0,798591.0,879516.0,939131.0,0.0,0.0,0.0,0.0
Certified Advisory Corp,1414.0,1707.0,0.0,0.0,0.0,0.0,0.0,0.0,0.0,0.0,0.0,0.0,0.0,0.0,0.0,0.0,0.0,0.0,0.0,0.0
"Clarity Wealth Advisors, LLC",3677.0,4374.0,4524.0,5475.0,6387.0,7515.0,8702.0,9348.0,8939.0,5360.0,4750.0,0.0,0.0,0.0,0.0,0.0,0.0,0.0,0.0,0.0
"Column Capital Advisors, LLC",907.0,1175.0,1161.0,1129.0,1242.0,1490.0,1628.0,1788.0,1558.0,1221.0,1288.0,1154889.0,1166188.0,1344295.0,1466094.0,0.0,0.0,0.0,0.0,0.0
Congress Wealth Management LLC / DE /,0.0,0.0,0.0,0.0,0.0,0.0,0.0,0.0,0.0,19782.0,19210.0,0.0,0.0,0.0,0.0,0.0,0.0,0.0,0.0,0.0
"Connective Capital Management, LLC",0.0,0.0,0.0,0.0,0.0,0.0,0.0,0.0,0.0,0.0,0.0,0.0,0.0,0.0,0.0,2488996.0,0.0,0.0,0.0,0.0
Creative Capital Management Investments LLC,0.0,0.0,0.0,0.0,0.0,0.0,0.0,0.0,0.0,0.0,0.0,188.0,727770.0,727776.0,622894.0,332462.0,359213.0,436249.0,380626.0,447695.0
"Crescent Capital Consulting, LLC",0.0,0.0,0.0,43.0,243.0,70.0,80.0,106.0,0.0,0.0,0.0,0.0,0.0,0.0,0.0,0.0,0.0,0.0,0.0,0.0
"Crossmark Global Holdings, Inc.",0.0,0.0,0.0,0.0,0.0,0.0,3845.0,0.0,0.0,0.0,0.0,0.0,0.0,0.0,0.0,0.0,0.0,0.0,0.0,0.0
"Cubic Asset Management, LLC",0.0,0.0,0.0,0.0,0.0,0.0,401.0,0.0,0.0,0.0,0.0,0.0,0.0,0.0,0.0,0.0,0.0,0.0,0.0,0.0
DOCK STREET ASSET MANAGEMENT INC,15854.0,16780.0,17450.0,0.0,0.0,0.0,0.0,0.0,0.0,0.0,0.0,0.0,0.0,0.0,0.0,0.0,0.0,0.0,0.0,0.0
"Deane Retirement Strategies, Inc.",0.0,0.0,0.0,0.0,0.0,0.0,0.0,0.0,0.0,0.0,0.0,0.0,0.0,0.0,1774056.0,1898666.0,5155427.0,2981249.0,0.0,3370297.0
Delta Financial Advisors LLC,2599.0,3212.0,3258.0,0.0,4565.0,5758.0,6129.0,6560.0,6339.0,4856.0,4278.0,0.0,0.0,0.0,0.0,0.0,0.0,0.0,0.0,0.0
"Detalus Advisors, LLC",580.0,712.0,737.0,883.0,1108.0,1311.0,1422.0,1361.0,1190.0,993.0,872.0,0.0,0.0,0.0,0.0,0.0,0.0,0.0,0.0,0.0
"Diversified Portfolios, Inc.",0.0,0.0,0.0,0.0,0.0,452.0,1132.0,1144.0,1045.0,694.0,365.0,459061.0,503402.0,574919.0,507606.0,538924.0,612625.0,944878.0,867915.0,1023466.0
"Duncan Williams Asset Management, LLC",0.0,0.0,0.0,0.0,0.0,0.0,0.0,0.0,0.0,0.0,0.0,0.0,0.0,0.0,0.0,0.0,0.0,0.0,503521.0,695888.0
ENTERPRISE FINANCIAL SERVICES CORP,200.0,245.0,224.0,173.0,0.0,108.0,37.0,0.0,0.0,0.0,0.0,0.0,0.0,0.0,0.0,0.0,0.0,0.0,0.0,0.0
"Edmonds Duncan Registered Investment Advisors, LLC",500.0,610.0,630.0,905.0,887.0,1050.0,1150.0,357.0,367.0,294.0,258.0,238221.0,280071.0,323190.0,353322.0,388338.0,421548.0,525668.0,483294.0,0.0
"Empirical Asset Management, LLC",0.0,0.0,0.0,0.0,0.0,0.0,0.0,290.0,284.0,318.0,225.0,0.0,0.0,0.0,0.0,0.0,0.0,0.0,0.0,0.0
"Endurance Wealth Management, Inc.",7093.0,4121.0,4263.0,5116.0,6091.0,7242.0,7903.0,8598.0,3797.0,2992.0,2697.0,2547.0,3360.0,3871.0,0.0,0.0,0.0,0.0,0.0,0.0
"Ensign Peak Advisors, Inc",925943.0,1101147.0,1115363.0,1259974.0,1499908.0,1738700.0,1883863.0,2045652.0,1886409.0,1477470.0,0.0,0.0,0.0,0.0,0.0,0.0,0.0,0.0,0.0,0.0
Enterprise Financial Services Corp,0.0,0.0,0.0,0.0,204.0,0.0,0.0,0.0,0.0,0.0,0.0,0.0,0.0,0.0,0.0,0.0,0.0,0.0,0.0,0.0
"Essex Financial Services, Inc.",0.0,0.0,0.0,0.0,0.0,0.0,0.0,17692.0,34916.0,13339.0,11687.0,10188.0,12002043.0,12979064.0,14168728.0,15388796.0,16537073.0,0.0,0.0,0.0
FAI Wealth Management,0.0,9051.0,5688.0,6373.0,6170.0,0.0,0.0,0.0,0.0,0.0,0.0,0.0,0.0,0.0,0.0,0.0,0.0,0.0,0.0,0.0
FCA CORP /TX,0.0,0.0,0.0,1564.0,920.0,0.0,0.0,0.0,0.0,0.0,0.0,0.0,0.0,0.0,0.0,0.0,0.0,0.0,0.0,0.0
Fairway Wealth LLC,0.0,0.0,0.0,0.0,0.0,0.0,0.0,0.0,0.0,0.0,0.0,0.0,0.0,0.0,0.0,2794.0,3019.0,95269.0,3325.0,3799.0
Family CFO Inc,0.0,0.0,0.0,0.0,0.0,0.0,0.0,41.0,39.0,30624.0,26922.0,24844.0,29120.0,33872.0,48125.0,39460.0,42633.0,51358.0,46813.0,57488.0
"Filbrandt Wealth Management, LLC",0.0,187.0,73.0,0.0,0.0,0.0,11.0,0.0,0.0,0.0,0.0,0.0,0.0,0.0,0.0,0.0,0.0,0.0,0.0,0.0
"Financial Advantage, Inc.",7447.0,0.0,0.0,0.0,0.0,7261.0,7718.0,8332.0,7981.0,6375.0,5667.0,0.0,0.0,0.0,0.0,0.0,0.0,0.0,0.0,0.0
"Forum Financial Management, LP",0.0,0.0,0.0,0.0,0.0,0.0,0.0,11608.0,10942.0,0.0,0.0,0.0,0.0,0.0,0.0,0.0,0.0,0.0,0.0,0.0
"Franklin, Parlapiano, Turner & Welch, LLC",0.0,0.0,0.0,223.0,262.0,310.0,340.0,371.0,353.0,277.0,243.0,224104.0,263474.0,304038.0,332384.0,354813.0,383362.0,462661.0,421259.0,480822.0
"Front Street Capital Management, Inc.",0.0,0.0,0.0,0.0,0.0,237.0,246.0,246.0,200.0,0.0,0.0,0.0,0.0,0.0,441.0,463.0,335.0,589.0,421.0,1337.0
"Frontier Asset Management, LLC",0.0,0.0,0.0,0.0,0.0,0.0,0.0,0.0,0.0,0.0,0.0,0.0,0.0,0.0,0.0,0.0,0.0,225573.0,205649.0,301394.0
"Fusion Capital, LLC",292.0,400.0,399.0,440.0,479.0,588.0,671.0,730.0,731.0,700.0,627.0,583730.0,691257.0,784753.0,872967.0,935783.0,1136050.0,1517953.0,1414571.0,1626807.0
G&S Capital LLC,51.0,0.0,0.0,0.0,0.0,0.0,0.0,0.0,0.0,0.0,0.0,0.0,0.0,0.0,0.0,0.0,0.0,0.0,0.0,0.0
"GILL CAPITAL PARTNERS, LLC",547.0,675.0,667.0,797.0,938.0,1057.0,1158.0,1243.0,1229.0,1229.0,983.0,854331.0,1004936.0,1169828.0,1252199.0,1341164.0,1559270.0,1760480.0,1557528.0,1738387.0
Geo Capital Gestora de Recursos Ltd,7188.0,4689.0,4240.0,6401.0,5268.0,5521.0,3155.0,2031.0,2157.0,7667.0,9298.0,10967.0,12299.0,10897.0,7724.0,9735.0,11712.0,13807.0,10560.0,7310.0
Goodman Financial Corp,0.0,0.0,0.0,0.0,0.0,0.0,0.0,0.0,0.0,0.0,0.0,0.0,0.0,0.0,0.0,0.0,0.0,335603.0,0.0,0.0
"Halpern Financial, Inc.",5810.0,9926.0,7328.0,8763.0,10313.0,12209.0,13368.0,443247.0,425547.0,333427.0,306080.0,282336.0,331936.0,367479.0,444924.0,416760.0,464760.0,522953.0,459598.0,0.0
"Harfst & Associates, Inc.",352.0,1089.0,1113.0,1372.0,1852.0,1985.0,2386.0,2693.0,2879.0,2196.0,0.0,0.0,0.0,0.0,0.0,0.0,0.0,0.0,0.0,0.0
"Heritage Financial Services, LLC",0.0,0.0,0.0,0.0,0.0,0.0,0.0,743.0,818.0,593.0,551.0,0.0,0.0,0.0,0.0,0.0,0.0,0.0,0.0,0.0
"Hunter Perkins Capital Management, LLC",0.0,990.0,1029.0,0.0,0.0,0.0,0.0,0.0,0.0,0.0,0.0,0.0,0.0,0.0,0.0,0.0,0.0,0.0,0.0,0.0
ICW Investment Advisors LLC,0.0,0.0,0.0,0.0,0.0,0.0,0.0,0.0,0.0,0.0,935.0,0.0,0.0,0.0,0.0,0.0,0.0,0.0,0.0,0.0
"IFP Advisors, Inc",0.0,0.0,0.0,0.0,0.0,0.0,0.0,0.0,0.0,0.0,0.0,0.0,0.0,0.0,0.0,0.0,0.0,0.0,0.0,0.0
"ISLAY CAPITAL MANAGEMENT, LLC",473.0,638.0,649.0,706.0,990.0,989.0,0.0,0.0,0.0,0.0,0.0,0.0,0.0,0.0,0.0,0.0,0.0,0.0,0.0,0.0
Indiana Trust & Investment Management CO,2932.0,3552.0,3476.0,4045.0,4682.0,4045.0,5927.0,6254.0,5970.0,4688.0,4117.0,3926.0,4554031.0,6172350.0,7056185.0,7739582.0,8516470.0,10527173.0,0.0,0.0
Indiana Trust & Investment Management Co,0.0,0.0,0.0,0.0,0.0,0.0,0.0,0.0,0.0,0.0,0.0,0.0,0.0,0.0,0.0,0.0,0.0,0.0,9692830.0,10203177.0
"JBF Capital, Inc.",0.0,0.0,0.0,0.0,0.0,0.0,0.0,0.0,0.0,0.0,0.0,0.0,505000.0,0.0,0.0,0.0,0.0,0.0,0.0,0.0
JDM Financial Group LLC,0.0,0.0,0.0,0.0,0.0,0.0,0.0,0.0,0.0,0.0,0.0,203132.0,236504.0,272916.0,295729.0,315705.0,315896.0,385664.0,361820.0,400913.0
"James Reed Financial Services, Inc.",0.0,0.0,0.0,0.0,0.0,0.0,0.0,104.0,0.0,0.0,0.0,0.0,0.0,0.0,0.0,0.0,0.0,0.0,0.0,0.0
Kentucky Retirement Systems Insurance Trust Fund,0.0,0.0,0.0,0.0,0.0,0.0,0.0,0.0,0.0,0.0,0.0,0.0,0.0,0.0,0.0,0.0,0.0,0.0,0.0,11138.0
"LAM GROUP, INC.",0.0,0.0,0.0,0.0,0.0,0.0,0.0,0.0,0.0,0.0,0.0,283136.0,332368.0,192536.0,210168.0,336248.0,363296.0,438176.0,399112.0,455232.0
"LBMC INVESTMENT ADVISORS, LLC",536.0,685.0,1159.0,1375.0,1599.0,4157.0,4596.0,4966.0,4781.0,3008.0,2605.0,2312948.0,2697609.0,3132403.0,3651921.0,3841005.0,4676750.0,7473496.0,6934488.0,7904904.0
LOUISBOURG INVESTMENTS INC.,0.0,0.0,0.0,0.0,0.0,0.0,0.0,0.0,0.0,0.0,0.0,0.0,0.0,0.0,0.0,8000902.0,8583091.0,9300642.0,8996459.0,9423085.0
LYNCH & ASSOCIATES/IN,0.0,0.0,0.0,0.0,0.0,0.0,0.0,0.0,0.0,0.0,1463.0,1527376.0,1841283.0,2829730.0,3538006.0,4133228.0,4498405.0,5469264.0,5064094.0,5919828.0
"Laurel Wealth Advisors, Inc.",1442.0,1369.0,0.0,1590.0,2234.0,2608.0,2524.0,4435.0,2729.0,2116.0,0.0,1867.0,0.0,0.0,0.0,0.0,0.0,0.0,0.0,0.0
"Lebenthal Global Advisors, LLC",0.0,0.0,0.0,196.0,231.0,317.0,350.0,0.0,0.0,0.0,0.0,0.0,0.0,0.0,0.0,0.0,0.0,0.0,0.0,0.0
"Left Brain Wealth Management, LLC",0.0,0.0,0.0,0.0,0.0,0.0,0.0,0.0,0.0,0.0,0.0,1547819.0,0.0,0.0,0.0,0.0,0.0,0.0,0.0,0.0
"Legacy Financial Advisors, Inc.",0.0,0.0,730.0,813.0,1046.0,1490.0,1682.0,1994.0,2045.0,1495.0,1280.0,1351772.0,1753244.0,2256225.0,2999573.0,6744234.0,3908332.0,4873971.0,4476502.0,5245730.0
"Lindbrook Capital, LLC",1462.0,2079.0,2171.0,2592.0,3166.0,3770.0,3537.0,5255.0,5115.0,3949.0,3851.0,3719600.0,4630403.0,5839086.0,6647819.0,8479183.0,9464518.0,11740434.0,10595304.0,12439547.0
Lionsbridge Wealth Management LLC,0.0,0.0,0.0,210.0,247.0,293.0,0.0,0.0,0.0,0.0,0.0,0.0,0.0,0.0,0.0,0.0,0.0,0.0,0.0,0.0
MBA Advisors LLC,0.0,0.0,0.0,0.0,567.0,713.0,773.0,1315.0,1268.0,0.0,0.0,0.0,0.0,0.0,0.0,0.0,0.0,0.0,0.0,0.0
"MKD WEALTH COACHES, LLC",0.0,0.0,0.0,0.0,144.0,171.0,187.0,203.0,0.0,0.0,0.0,0.0,0.0,0.0,0.0,0.0,0.0,0.0,0.0,0.0
"Mackey Komara & Dankovich, LLC",0.0,0.0,0.0,123.0,0.0,0.0,0.0,0.0,0.0,0.0,0.0,0.0,0.0,0.0,0.0,0.0,0.0,0.0,0.0,0.0
"Mariner, LLC",0.0,0.0,0.0,0.0,0.0,0.0,0.0,0.0,0.0,0.0,0.0,0.0,0.0,0.0,0.0,0.0,2226972.0,0.0,0.0,0.0
"Martin Capital Partners, LLC",0.0,0.0,0.0,0.0,0.0,0.0,0.0,0.0,0.0,219.0,231.0,0.0,0.0,0.0,0.0,0.0,0.0,0.0,0.0,0.0
"McGinn Investment Management, Inc.",0.0,0.0,0.0,0.0,0.0,0.0,0.0,289.0,0.0,0.0,0.0,0.0,0.0,0.0,0.0,0.0,0.0,0.0,0.0,0.0
"MinichMacGregor Wealth Management, LLC",0.0,0.0,0.0,219.0,243.0,290.0,315.0,353.0,356.0,281.0,237.0,234868.0,0.0,0.0,0.0,0.0,0.0,0.0,0.0,0.0
"NBC SECURITIES, INC.",0.0,0.0,0.0,0.0,0.0,0.0,0.0,0.0,0.0,0.0,0.0,0.0,0.0,0.0,5392.0,5383.0,6111.0,7919.0,7179.0,8176.0
"NEIRG Wealth Management, LLC",0.0,0.0,0.0,0.0,0.0,0.0,0.0,739.0,695.0,715.0,758.0,704428.0,824965.0,477244.0,0.0,0.0,0.0,0.0,0.0,0.0
"Nadler Financial Group, Inc.",1252.0,1547.0,2581.0,3092.0,3765.0,4379.0,4667.0,5114.0,4725.0,0.0,0.0,0.0,0.0,0.0,0.0,0.0,0.0,0.0,0.0,0.0
"New England Investment & Retirement Group, Inc.",5.0,0.0,0.0,0.0,0.0,222.0,254.0,0.0,0.0,0.0,0.0,0.0,0.0,0.0,0.0,0.0,0.0,0.0,0.0,0.0
NewSquare Capital LLC,114.0,31.0,32.0,39.0,45.0,112.0,118.0,127.0,25.0,13.0,23.0,25146.0,76864.0,98753.0,107960.0,41907.0,45279.0,113844.0,176630.0,305720.0
North Star Investment Management Corp.,4436.0,5268.0,5861.0,7070.0,8572.0,9787.0,10772.0,11933.0,11935.0,9565.0,8407.0,7465405.0,7960551.0,8865341.0,9556444.0,10196951.0,0.0,13359915.0,12163889.0,13959211.0
"Opus Capital Group, LLC",0.0,0.0,0.0,0.0,0.0,0.0,0.0,211.0,0.0,0.0,0.0,0.0,0.0,0.0,0.0,0.0,0.0,0.0,0.0,0.0
PENN DAVIS MCFARLAND INC,47724.0,57939.0,59934.0,70195.0,81357.0,96781.0,103510.0,111516.0,102874.0,79952.0,70524.0,64509445.0,75148825.0,85026980.0,91374334.0,94002627.0,99030746.0,115924111.0,110849565.0,126719759.0
"PWMCO, LLC",581.0,0.0,0.0,0.0,0.0,0.0,0.0,0.0,0.0,0.0,0.0,0.0,0.0,0.0,0.0,0.0,0.0,0.0,0.0,0.0
"Paragon Wealth Strategies, LLC",0.0,0.0,0.0,0.0,0.0,95.0,0.0,0.0,0.0,0.0,29.0,34410.0,0.0,0.0,0.0,0.0,0.0,0.0,0.0,0.0
"Parallel Advisors, LLC",8900.0,11498.0,11920.0,13879.0,21291.0,26020.0,55717.0,34641.0,34459.0,26923.0,24114.0,21946827.0,53123368.0,62971678.0,69698384.0,36122272.0,40778456.0,50360175.0,47231809.0,56633084.0
"Persium Advisors, LLC",0.0,0.0,0.0,0.0,0.0,0.0,0.0,0.0,0.0,0.0,0.0,0.0,0.0,0.0,0.0,0.0,0.0,0.0,0.0,526822.0
"Pinnacle Holdings, LLC",0.0,0.0,0.0,140150.0,200553.0,0.0,269336.0,0.0,287678.0,249271.0,249271.0,0.0,173051.0,0.0,0.0,0.0,0.0,0.0,0.0,0.0
"Pinnacle Wealth Planning Services, Inc.",1806.0,1703.0,1712.0,2107.0,2780.0,3290.0,3644.0,4183.0,4200.0,3567.0,3054.0,2730101.0,3272266.0,4046100.0,4409720.0,4745688.0,5020536.0,6277618.0,6041044.0,0.0
Pointe Capital Management LLC,464.0,566.0,585.0,634.0,765.0,896.0,954.0,1037.0,996.0,1776.0,685.0,612.0,649350.0,773262.0,845356.0,968750.0,1067523.0,1288347.0,1132258.0,2584702.0
"Private Ocean, LLC",755.0,894.0,815.0,0.0,904.0,1023.0,0.0,0.0,0.0,0.0,0.0,0.0,0.0,0.0,0.0,0.0,0.0,0.0,0.0,0.0
"RVW Wealth, LLC",205.0,224.0,232.0,1000.0,1000.0,0.0,0.0,1582.0,704.0,571.0,495.0,537585.0,282146.0,358142.0,516717.0,391691.0,374910.0,745199.0,799184.0,895780.0
Raab & Moskowitz Asset Management LLC,2684.0,3338.0,3391.0,4032.0,4688.0,5467.0,6034.0,6417.0,6116.0,5064.0,4348.0,0.0,0.0,0.0,0.0,0.0,0.0,0.0,0.0,0.0
"Rather & Kittrell, Inc.",0.0,0.0,0.0,0.0,0.0,0.0,0.0,52.0,0.0,0.0,0.0,0.0,0.0,0.0,0.0,0.0,0.0,0.0,0.0,0.0
Richardson Capital Management LLC,0.0,0.0,0.0,0.0,0.0,0.0,0.0,0.0,0.0,0.0,0.0,0.0,0.0,0.0,0.0,34188.0,58069.0,76974.0,70101.0,408227.0
"Rock Point Advisors, LLC",1866.0,2299.0,2354.0,2778.0,3251.0,3928.0,4231.0,4586.0,4115.0,4494.0,3998.0,3888.0,4612.0,4726813.0,5155827.0,5340908.0,5576867.0,6598049.0,5891147.0,6507728.0
Rockport Wealth LLC,0.0,0.0,0.0,0.0,0.0,0.0,0.0,0.0,0.0,0.0,0.0,0.0,0.0,0.0,0.0,0.0,1067523.0,0.0,0.0,0.0
"Rudd International, Inc.",895.0,1134.0,0.0,0.0,0.0,0.0,0.0,0.0,0.0,0.0,0.0,0.0,0.0,0.0,0.0,0.0,0.0,0.0,0.0,0.0
SAYBROOK CAPITAL /NC,41458.0,32518.0,33962.0,40395.0,47474.0,56757.0,60510.0,65590.0,60872.0,48097.0,42304.0,39287.0,46600.0,53587.0,57426.0,60990.0,65376.0,70290.0,59310032.0,67633195.0
SCHAPER BENZ & WISE INVESTMENT COUNSEL INC/WI,26631.0,31500.0,32089.0,36130.0,41100.0,48643.0,51059.0,54005.0,51234.0,40380.0,0.0,0.0,0.0,0.0,0.0,0.0,0.0,0.0,0.0,0.0
SHIKIAR ASSET MANAGEMENT INC,0.0,0.0,0.0,0.0,0.0,210.0,249.0,269.0,0.0,0.0,0.0,0.0,0.0,0.0,263.0,0.0,0.0,377.0,0.0,0.0
"Scott & Selber, Inc.",4287.0,5155.0,5398.0,6132.0,7234.0,8704.0,8982.0,9696.0,9270.0,7247.0,7131.0,13208.0,7759.0,9008.0,9786.0,10350.0,11209.0,13715.0,12426.0,13831.0
Security National Bank,287.0,350.0,352.0,429.0,516.0,610.0,987.0,997.0,957.0,750.0,650.0,599964.0,683581.0,939645.0,1157713.0,0.0,0.0,0.0,0.0,0.0
Selway Asset Management,3891.0,4637.0,4793.0,5731.0,13304.0,7728.0,8347.0,9030.0,8945.0,0.0,0.0,0.0,0.0,0.0,0.0,0.0,0.0,0.0,0.0,0.0
Sigma Planning Corp,0.0,0.0,0.0,0.0,11631.0,14942.0,0.0,24770.0,0.0,0.0,0.0,0.0,0.0,0.0,0.0,0.0,0.0,0.0,0.0,0.0
"Sloy Dahl & Holst, LLC",0.0,0.0,0.0,0.0,0.0,538.0,0.0,0.0,0.0,0.0,0.0,0.0,0.0,0.0,0.0,0.0,0.0,0.0,0.0,0.0
Steward Financial Group LLC,0.0,0.0,0.0,0.0,0.0,0.0,0.0,66.0,0.0,0.0,0.0,0.0,0.0,0.0,0.0,0.0,0.0,0.0,0.0,0.0
"Strategic Asset Management, LLC",0.0,0.0,0.0,0.0,0.0,0.0,0.0,0.0,3.0,13.0,13.0,0.0,0.0,0.0,0.0,0.0,0.0,0.0,0.0,0.0
"Sugarloaf Wealth Management, LLC",0.0,0.0,0.0,0.0,0.0,0.0,0.0,0.0,0.0,0.0,0.0,2392132.0,2924970.0,3316518.0,3145804.0,3440207.0,3896173.0,4683827.0,672758.0,788072.0
Swedbank,127.0,318.0,346.0,0.0,0.0,0.0,0.0,0.0,0.0,0.0,0.0,0.0,0.0,0.0,0.0,0.0,0.0,0.0,0.0,0.0
Swedbank AB,0.0,0.0,0.0,0.0,0.0,0.0,0.0,0.0,0.0,0.0,0.0,0.0,0.0,0.0,0.0,0.0,2759.0,0.0,0.0,0.0
TANAKA CAPITAL MANAGEMENT INC,410.0,499.0,517.0,616.0,727.0,871.0,940.0,811.0,780.0,0.0,0.0,0.0,0.0,0.0,0.0,0.0,0.0,0.0,0.0,0.0
"TILIA FIDUCIARY PARTNERS, INC.",0.0,0.0,0.0,0.0,0.0,0.0,0.0,0.0,0.0,0.0,1700.0,0.0,1880729.0,2321941.0,2588280.0,2776478.0,3131798.0,3881821.0,3604607.0,4230010.0
"Taylor, Cottrill, Erickson & Associates, Inc.",0.0,0.0,0.0,6162.0,7258.0,0.0,0.0,0.0,0.0,0.0,0.0,0.0,0.0,0.0,0.0,0.0,0.0,0.0,0.0,0.0
Tredje AP-fonden,157478.0,103641.0,140287.0,131532.0,175924.0,235586.0,195990.0,209543.0,206961.0,328508.0,156721.0,179742168.0,210918091.0,226391316.0,296364460.0,335183654.0,374747601.0,510658387.0,448652207.0,538902161.0
"Unconventional Investor, LLC",0.0,0.0,0.0,0.0,0.0,0.0,0.0,240.0,0.0,0.0,0.0,0.0,0.0,0.0,0.0,0.0,0.0,0.0,0.0,0.0
VICUS CAPITAL,338.0,471.0,596.0,887.0,1139.0,0.0,0.0,2917.0,2804.0,2314.0,2151.0,1700016.0,2057588.0,2425721.0,2720187.0,3034905.0,3629263.0,5413750.0,5050523.0,5796277.0
"VISTA CAPITAL PARTNERS, INC.",0.0,0.0,0.0,0.0,213.0,281.0,502.0,915.0,303.0,651.0,344.0,299907.0,772928.0,897227.0,776715.0,1022489.0,1074471.0,1379664.0,1478131.0,1800141.0
"Valeo Financial Advisors, LLC",6323.0,7317.0,9477.0,36066.0,43071.0,17066.0,36894.0,19895.0,38126.0,15927.0,14063.0,15014559.0,21384584.0,23639595.0,26942462.0,28783795.0,65399176.0,38907495.0,36041449.0,41612575.0
"Versant Capital Management, Inc",268.0,320.0,331.0,396.0,470.0,576.0,620.0,669.0,807.0,676.0,603.0,567672.0,665653.0,655956.0,684398.0,718007.0,708314.0,1214727.0,1205025.0,1702895.0
Vigilare Wealth Management,0.0,0.0,0.0,0.0,0.0,3641.0,3989.0,4334.0,3797.0,2859.0,2363.0,2140195.0,2406432.0,2673140.0,2752902.0,2921896.0,2896956.0,3503011.0,2912538.0,3069920.0
"Waterway Wealth Management, LLC",0.0,0.0,0.0,0.0,0.0,0.0,0.0,0.0,0.0,0.0,0.0,0.0,0.0,0.0,0.0,0.0,327518.0,300548.0,338334.0,456213.0
"WealthStone, Inc.",0.0,1901530.0,3800.0,4649.0,5762.0,0.0,0.0,0.0,0.0,0.0,0.0,0.0,0.0,0.0,0.0,0.0,0.0,0.0,0.0,0.0
"Wellesley Investment Partners, LLC",0.0,759.0,828.0,0.0,0.0,0.0,0.0,0.0,0.0,0.0,0.0,0.0,0.0,0.0,0.0,0.0,0.0,0.0,0.0,0.0
"Wellspring Financial Advisors, LLC",286.0,323.0,362.0,503.0,286.0,706.0,773.0,837.0,801.0,621.0,545.0,386624.0,448321.0,517343.0,565577.0,608909.0,964292.0,1270861.0,1977126.0,1434799.0
"Westchester Capital Management, Inc.",0.0,0.0,8713.0,10302.0,12097.0,14233.0,15742.0,16632.0,16187.0,12768.0,11233.0,10411270.0,12264068.0,13974210.0,15123173.0,15832188.0,17440830.0,20634092.0,18328310.0,20960669.0
"Westend Capital Management, LLC",0.0,0.0,0.0,0.0,0.0,0.0,0.0,0.0,0.0,0.0,0.0,0.0,0.0,0.0,0.0,0.0,6974626.0,47943.0,15258.0,17416.0
White Lighthouse investment Management Inc.,0.0,0.0,0.0,0.0,0.0,0.0,0.0,5830.0,0.0,0.0,0.0,0.0,0.0,0.0,0.0,0.0,0.0,0.0,0.0,0.0
Willis Investment Counsel,2112.0,3128.0,3254.0,4611.0,5451.0,7477.0,9478.0,8934.0,8341.0,8626.0,7527.0,9734857.0,30731258.0,35631578.0,29377546.0,15620555.0,16957136.0,26691599.0,20056589.0,23093800.0
"Wilson & Boucher Capital Management, LLC",0.0,0.0,0.0,0.0,0.0,0.0,0.0,767.0,726.0,553.0,515.0,476069.0,531440.0,618157.0,673754.0,720152.0,767086.0,905741.0,827282.0,942339.0
"Winfield Associates, Inc.",2038.0,2416.0,2475.0,2846.0,3244.0,3421.0,3746.0,4001.0,3772.0,0.0,0.0,0.0,0.0,0.0,0.0,0.0,0.0,0.0,0.0,0.0
"Winthrop Capital Management, LLC",0.0,0.0,0.0,0.0,0.0,0.0,0.0,0.0,0.0,0.0,0.0,0.0,0.0,0.0,0.0,3084452.0,0.0,0.0,0.0,0.0
"Your Advocates Ltd., LLP",0.0,0.0,0.0,0.0,0.0,0.0,0.0,0.0,0.0,0.0,0.0,0.0,0.0,0.0,0.0,0.0,0.0,7337.0,13386.0,22884.0
"ZEKE CAPITAL ADVISORS, LLC",0.0,0.0,0.0,0.0,0.0,80687.0,178140.0,89745.0,84658.0,67885.0,55805.0,51456218.0,0.0,0.0,0.0,0.0,0.0,0.0,0.0,0.0
Zebra Capital Management LLC,240.0,0.0,0.0,0.0,0.0,0.0,0.0,0.0,0.0,0.0,0.0,0.0,0.0,0.0,0.0,0.0,0.0,0.0,0.0,0.0
Zeit Capital LLC,0.0,0.0,0.0,35078.0,0.0,30.0,53.0,58.0,56.0,43.0,38.0,0.0,0.0,0.0,0.0,0.0,0.0,0.0,0.0,0.0
