fund,ticker,r2,alpha
"A. D. Beadell Investment Counsel, Inc.",apple,0.0,100000.0
"A. D. Beadell Investment Counsel, Inc.",microsoft,0.6146651966082257,62.94988990221888
ABNER HERRMAN & BROCK LLC,advanced_micro,0.5580409423151456,230.04301197729168
ABNER HERRMAN & BROCK LLC,microsoft,0.5001199314476408,2612.6752255633264
ACTIAM N.V.,amazon,0.0,100000.0
ADELL HARRIMAN & CARPENTER INC,amazon,0.2792922521930199,100000.0
ADELL HARRIMAN & CARPENTER INC,apple,0.2658527843997137,100000.0
ADELL HARRIMAN & CARPENTER INC,microsoft,0.46693582559665603,66699.19663030114
ADELL HARRIMAN & CARPENTER INC,palo_alto,0.6823883798103579,37834.62617131925
ADELL HARRIMAN & CARPENTER INC,salesforce,0.2428228516096742,100000.0
ADVISORS MANAGEMENT GROUP INC /ADV,apple,0.0,100000.0
ADVISORS MANAGEMENT GROUP INC /ADV,tesla,0.0,100000.0
AM INVESTMENT STRATEGIES LLC,amazon,0.0,100000.0
AM INVESTMENT STRATEGIES LLC,apple,0.3499707135080282,8119.844993184009
AM INVESTMENT STRATEGIES LLC,microsoft,0.34791030561698333,1071.8913192051286
AMICA MUTUAL INSURANCE CO,amazon,0.0,100000.0
AMICA MUTUAL INSURANCE CO,apple,0.0,100000.0
AMICA MUTUAL INSURANCE CO,microsoft,0.0,100000.0
AMICA MUTUAL INSURANCE CO,tesla,0.40928641902433505,517.0920242896756
APPLETON PARTNERS INC/MA,amazon,0.0,100000.0
APPLETON PARTNERS INC/MA,apple,0.19908664189546021,3612.3426997094302
APPLETON PARTNERS INC/MA,microsoft,0.3672003913928529,5415.871378079476
APPLETON PARTNERS INC/MA,palo_alto,0.38996002998229906,659.3188271333541
APPLETON PARTNERS INC/MA,salesforce,0.24552988134123377,102.34114021054528
AR ASSET MANAGEMENT INC,apple,0.2706233906375479,2833.096101839324
AR ASSET MANAGEMENT INC,microsoft,0.5428121941313783,1260.3829296797273
ASSET PLANNING SERVICES INC /LA/ /ADV,amazon,0.0,100000.0
ASSET PLANNING SERVICES INC /LA/ /ADV,microsoft,0.4956542117421928,49.37047852839004
ATLAS CAPITAL ADVISORS LLC,apple,0.5911045559093897,100000.0
ATLAS CAPITAL ADVISORS LLC,asml,0.08354808579554063,100000.0
AZZAD ASSET MANAGEMENT INC /ADV,advanced_micro,0.7927066810495516,0.01
AZZAD ASSET MANAGEMENT INC /ADV,apple,0.6752784554065272,12173.82727739662
AZZAD ASSET MANAGEMENT INC /ADV,asml,0.6811132331611461,2612.6752255633264
AZZAD ASSET MANAGEMENT INC /ADV,microsoft,0.7026382855908904,100000.0
AZZAD ASSET MANAGEMENT INC /ADV,salesforce,0.31865364433543786,100000.0
"Abacus Wealth Partners, LLC",amazon,0.6102988671590472,29673.024081888667
"Abacus Wealth Partners, LLC",microsoft,0.23261464516757635,100000.0
Abound Wealth Management,apple,0.9005455880893206,100000.0
Abound Wealth Management,microsoft,0.9068646981058448,52310.993080562585
Abundance Wealth Counselors,apple,0.5187606528695534,714.9428986597577
"AllGen Financial Advisors, Inc.",apple,0.14716292540601705,100000.0
"AllGen Financial Advisors, Inc.",microsoft,0.2506544071202249,100000.0
"AlphaMark Advisors, LLC",amazon,0.4965635906531086,120.33778407775905
"AlphaMark Advisors, LLC",apple,0.36061841027695385,230.04301197729168
"AlphaMark Advisors, LLC",microsoft,0.0,100000.0
Amica Retiree Medical Trust,amazon,0.6748755102103923,373.9937302478794
Amica Retiree Medical Trust,apple,0.3811373561271558,373.9937302478794
Amica Retiree Medical Trust,microsoft,0.49362026697549666,608.0224261649427
Amica Retiree Medical Trust,tesla,0.7766658736060982,12.458833642950081
"Anchor Investment Management, LLC",amazon,0.40691715281077445,19791.668678535574
"Anchor Investment Management, LLC",apple,0.5298543249568064,32176.417502507353
"Anchor Investment Management, LLC",meta,0.6002213982614304,14314.589375234786
"Anchor Investment Management, LLC",microsoft,0.5539746571749611,44487.82831127585
"Anchor Investment Management, LLC",salesforce,0.5584547922651759,988.4959046625586
"Annandale Capital, LLC",apple,0.7685238021667928,212.14517849106278
"Annandale Capital, LLC",microsoft,0.6269864816242723,344.896226040576
Ardevora Asset Management LLP,amazon,0.5318372106381279,2049.074689815846
Ashburton (Jersey) Ltd,microsoft,0.29233628646749343,110.97524964120721
"Ashton Thomas Private Wealth, LLC",amazon,0.48925811349968507,92219.78823334322
"Ashton Thomas Private Wealth, LLC",apple,0.7442769548257953,100000.0
"Ashton Thomas Private Wealth, LLC",meta,0.5064503512266494,34891.012134067736
"Ashton Thomas Private Wealth, LLC",microsoft,0.729358230812339,100000.0
"Ashton Thomas Private Wealth, LLC",palo_alto,0.7247376243900243,6368.249944718586
Aspen Investment Management Inc,amazon,0.2037393015755148,405.54607358408276
Aspen Investment Management Inc,apple,0.0,100000.0
Aspen Investment Management Inc,microsoft,0.0,100000.0
"Ategra Capital Management, LLC",apple,0.17859644001228592,100000.0
"Ategra Capital Management, LLC",microsoft,0.503128523050975,100000.0
"Aurora Investment Managers, LLC.",apple,0.0,100000.0
"Aurora Investment Managers, LLC.",microsoft,0.0,100000.0
"Aurora Investment Managers, LLC.",tesla,0.5290782588335892,249.45081352303166
"Aurora Private Wealth, Inc.",amazon,0.8053683348568195,130.49019780144016
"Aurora Private Wealth, Inc.",apple,0.5893410599383229,560.7169938205458
"Aurora Private Wealth, Inc.",microsoft,0.6088094414525369,80.26433522257175
Avalon Global Asset Management LLC,amazon,0.0,100000.0
Avalon Global Asset Management LLC,apple,0.0,100000.0
Avion Wealth,apple,0.0,100000.0
Avion Wealth,microsoft,0.0,100000.0
BARTLETT & CO. WEALTH MANAGEMENT LLC,amazon,0.46568401785922764,100000.0
BARTLETT & CO. WEALTH MANAGEMENT LLC,apple,0.4129976429680573,100000.0
BARTLETT & CO. WEALTH MANAGEMENT LLC,microsoft,0.4851882582512197,100000.0
BARTLETT & CO. WEALTH MANAGEMENT LLC,salesforce,0.1999245658362755,100000.0
"BCR Wealth Strategies, LLC",meta,0.9659951079328442,4.7137531341167245
BEDDOW CAPITAL MANAGEMENT INC,amazon,0.0,100000.0
BEDDOW CAPITAL MANAGEMENT INC,apple,0.547561556195992,62.94988990221888
BEDDOW CAPITAL MANAGEMENT INC,meta,0.6523868752669613,775.2597488629465
BEDDOW CAPITAL MANAGEMENT INC,microsoft,0.5970786092203854,5.5426645206631076
BEDRIJFSTAKPENSIOENFONDS VOOR DE MEDIA PNO,amazon,0.5694018298402026,3072.112998861759
BEDRIJFSTAKPENSIOENFONDS VOOR DE MEDIA PNO,microsoft,0.0,100000.0
BEDRIJFSTAKPENSIOENFONDS VOOR DE MEDIA PNO,nvidia,0.0,100000.0
BEDRIJFSTAKPENSIOENFONDS VOOR DE MEDIA PNO,salesforce,0.0,100000.0
BIRINYI ASSOCIATES INC,asml,0.4314930980123174,94.37878277775381
BOSTON FAMILY OFFICE LLC,amazon,0.0,100000.0
BOSTON FAMILY OFFICE LLC,apple,0.0,100000.0
BOSTON FAMILY OFFICE LLC,microsoft,0.31555043845672215,4605.922041145103
BOSTON FAMILY OFFICE LLC,salesforce,0.2156012988950734,3072.112998861759
BOSTON RESEARCH & MANAGEMENT INC,apple,0.0,100000.0
BOSTON RESEARCH & MANAGEMENT INC,microsoft,0.0,100000.0
"BROWN, LISLE/CUMMINGS, INC.",amazon,0.8704113650213554,44487.82831127585
"BROWN, LISLE/CUMMINGS, INC.",apple,0.8683931673325034,100000.0
"BROWN, LISLE/CUMMINGS, INC.",asml,0.13772753336004084,100000.0
"BROWN, LISLE/CUMMINGS, INC.",meta,0.952423268537476,18251.834943190424
"BROWN, LISLE/CUMMINGS, INC.",microsoft,0.9122751098475245,100000.0
"BROWN, LISLE/CUMMINGS, INC.",palo_alto,0.8332232646090201,72326.33896483533
"BROWN, LISLE/CUMMINGS, INC.",salesforce,0.7370633878581145,32176.417502507353
"BROWN, LISLE/CUMMINGS, INC.",tesla,0.27069242505559876,100000.0
Baldrige Asset Management LLC,apple,0.0,100000.0
Baldrige Asset Management LLC,microsoft,0.0,100000.0
"Banco de Sabadell, S.A",apple,0.0,100000.0
"Banco de Sabadell, S.A",asml,0.0,100000.0
"Banco de Sabadell, S.A",microsoft,0.17416581965182465,988.4959046625586
Banque Cantonale Vaudoise,amazon,0.0,100000.0
Banque Cantonale Vaudoise,apple,0.2590311815455497,6368.249944718586
Banque Cantonale Vaudoise,microsoft,0.0,100000.0
Banque Cantonale Vaudoise,salesforce,0.0,100000.0
Banque Cantonale Vaudoise,tesla,0.0790522923814434,1742.6333860096508
Bartlett & Co. LLC,amazon,0.0,100000.0
Bartlett & Co. LLC,apple,0.0,100000.0
Bartlett & Co. LLC,microsoft,0.0,100000.0
Bartlett & Co. LLC,salesforce,0.0,100000.0
Baskin Financial Services Inc.,amazon,0.0,100000.0
Baskin Financial Services Inc.,apple,0.0,100000.0
Baskin Financial Services Inc.,microsoft,0.0,100000.0
Beaton Management Co. Inc.,amazon,0.0,100000.0
Beaton Management Co. Inc.,apple,0.0,100000.0
Beaton Management Co. Inc.,meta,0.9421053117252893,25.826187606826746
Beaton Management Co. Inc.,microsoft,0.0,100000.0
"Bensler, LLC",amazon,0.8948575685836844,61509.857885805046
"Bensler, LLC",apple,0.7771664930440734,100000.0
"Bensler, LLC",microsoft,0.8839149146240335,100000.0
Biechele Royce Advisors,apple,0.3242554738734761,1742.6333860096508
Biechele Royce Advisors,microsoft,0.8445352790511806,14.649713983072864
"Blue Edge Capital, LLC",amazon,0.47146189067224464,100000.0
Border to Coast Pensions Partnership Ltd,amazon,0.9651759460901215,100000.0
Border to Coast Pensions Partnership Ltd,apple,0.9403821678892453,100000.0
Border to Coast Pensions Partnership Ltd,microsoft,0.9440769208739213,100000.0
"Boston Standard Wealth Management, LLC",apple,0.24645005360434358,72326.33896483533
"Boston Standard Wealth Management, LLC",microsoft,0.0,100000.0
Brendel Financial Advisors LLC,microsoft,0.0,100000.0
"Briaud Financial Planning, Inc",apple,0.49285891882470656,45.52935074866948
"Briaud Financial Planning, Inc",microsoft,0.0,100000.0
"Brick & Kyle, Associates",microsoft,0.0,100000.0
"Bull Street Advisors, LLC",apple,0.23874062039552857,659.3188271333541
"Bull Street Advisors, LLC",microsoft,0.0,100000.0
"Bulltick Wealth Management, LLC",amazon,0.8120425774467674,100000.0
"Bulltick Wealth Management, LLC",apple,0.5835758613643558,100000.0
"Bulltick Wealth Management, LLC",microsoft,0.14347556822031393,100000.0
"Burns Matteson Capital Management, LLC",amazon,0.21178857438062693,100000.0
"Burns Matteson Capital Management, LLC",apple,0.048644789913796393,100000.0
"Burns Matteson Capital Management, LLC",microsoft,0.48257901959859006,100000.0
CAZ INVESTMENTS LP,amazon,0.7903182346780534,3.409285069746811
"CENTAURUS FINANCIAL, INC.",amazon,0.0,100000.0
"CENTAURUS FINANCIAL, INC.",apple,0.0,5872.786613189477
"CENTAURUS FINANCIAL, INC.",microsoft,0.0,100000.0
"CENTAURUS FINANCIAL, INC.",salesforce,0.0,100000.0
CHARTIST INC /CA/,amazon,0.2615270131126175,52310.993080562585
CHARTIST INC /CA/,microsoft,0.9281327656511621,344.896226040576
CHASE INVESTMENT COUNSEL CORP,microsoft,0.0,100000.0
CHICKASAW CAPITAL MANAGEMENT LLC,amazon,0.0,100000.0
CHICKASAW CAPITAL MANAGEMENT LLC,apple,0.19600349227338743,2049.074689815846
CHICKASAW CAPITAL MANAGEMENT LLC,microsoft,0.0,100000.0
CHICKASAW CAPITAL MANAGEMENT LLC,salesforce,0.0,100000.0
CI INVESTMENTS INC.,advanced_micro,0.12085123594611102,32176.417502507353
CI INVESTMENTS INC.,amazon,0.0,100000.0
CI INVESTMENTS INC.,apple,0.192674637875059,66699.19663030114
CI INVESTMENTS INC.,microsoft,0.0,100000.0
CI INVESTMENTS INC.,shopify,0.0,100000.0
"CJM Wealth Advisers, Ltd.",amazon,0.7972222740348447,11226.677735108136
"CJM Wealth Advisers, Ltd.",apple,0.7482582576398176,100000.0
"CJM Wealth Advisers, Ltd.",microsoft,0.9153952382562625,41026.581058271906
CKW FINANCIAL GROUP,apple,0.0,100000.0
CLARET ASSET MANAGEMENT Corp,microsoft,0.0,100000.0
CLARET ASSET MANAGEMENT Corp,nvidia,0.0,100000.0
CLARET ASSET MANAGEMENT Corp,tesla,0.0,100000.0
"COHEN & STEERS, INC.",amazon,0.051341942302393084,153.43684089300132
"COHEN & STEERS, INC.",apple,0.343460052066883,180.41864093920717
"COHEN & STEERS, INC.",microsoft,0.3860796902277519,195.63983435170647
"COHEN & STEERS, INC.",salesforce,0.19360332227538346,28.00503894183631
"COHEN & STEERS, INC.",tesla,0.20127641381473915,45.52935074866948
COLONY GROUP LLC,apple,0.8311488749543303,8804.883581643464
COLONY GROUP LLC,microsoft,0.7597548943241104,9547.716114208066
COLONY GROUP LLC,nvidia,0.7673362251786131,249.45081352303166
COLONY GROUP LLC,salesforce,0.0,100000.0
COMMERZBANK AKTIENGESELLSCHAFT /FI,microsoft,0.6078362270192377,34891.012134067736
"COMMONWEALTH EQUITY SERVICES, LLC",advanced_micro,0.3243616148149461,16831.80353330955
"COMMONWEALTH EQUITY SERVICES, LLC",amazon,0.02490431390437542,100000.0
"COMMONWEALTH EQUITY SERVICES, LLC",apple,0.3420084356663734,100000.0
"COMMONWEALTH EQUITY SERVICES, LLC",asml,0.4107059810166154,8804.883581643464
"COMMONWEALTH EQUITY SERVICES, LLC",microsoft,0.4241095892858894,100000.0
"COMMONWEALTH EQUITY SERVICES, LLC",palo_alto,0.7153588546244886,58.05225516094896
"COMMONWEALTH EQUITY SERVICES, LLC",salesforce,0.0,100000.0
"COMMONWEALTH EQUITY SERVICES, LLC",shopify,0.0,100000.0
"CONWAY CAPITAL MANAGEMENT, INC.",amazon,0.3208972711777873,100000.0
"CONWAY CAPITAL MANAGEMENT, INC.",apple,0.44513810579483926,100000.0
"CONWAY CAPITAL MANAGEMENT, INC.",microsoft,0.49992601574040507,100000.0
"CROWN ADVISORS MANAGEMENT, INC.",nvidia,0.0,100000.0
"CSM Advisors, LLC",apple,0.0,100000.0
"CSM Advisors, LLC",meta,0.45275243765608475,2833.096101839324
"CSM Advisors, LLC",microsoft,0.13588331608044912,2409.403560239527
"CWM, LLC",advanced_micro,0.3606092768412976,6368.249944718586
"CWM, LLC",amazon,0.0,100000.0
"CWM, LLC",apple,0.7306111307099199,293.31662783900424
"CWM, LLC",asml,0.0,100000.0
"CWM, LLC",microsoft,0.0,100000.0
"CWM, LLC",palo_alto,0.8941134234773102,1260.3829296797273
"CWM, LLC",salesforce,0.7521181776045263,2833.096101839324
"CWM, LLC",tesla,0.5881101589763013,405.54607358408276
"Cairn Investment Group, Inc.",microsoft,0.0,100000.0
"Cambridge Financial Group, Inc.",microsoft,0.23494590980948715,100000.0
"Cambridge Investment Research Advisors, Inc.",advanced_micro,0.23916065629614702,10353.218432956615
"Cambridge Investment Research Advisors, Inc.",amazon,0.0,100000.0
"Cambridge Investment Research Advisors, Inc.",microsoft,0.31361009483117297,61509.857885805046
"Cambridge Investment Research Advisors, Inc.",palo_alto,0.8112181811340624,35.707859649004625
"Cambridge Investment Research Advisors, Inc.",salesforce,0.0,100000.0
"Cambridge Investment Research Advisors, Inc.",shopify,0.0,100000.0
Campbell Wealth Management,apple,0.0,100000.0
Campbell Wealth Management,microsoft,0.0,100000.0
Canal Insurance CO,microsoft,0.0,100000.0
"Canton Hathaway, LLC",amazon,0.2829774945967607,230.04301197729168
"Canton Hathaway, LLC",apple,0.2659049422248887,344.896226040576
"Canton Hathaway, LLC",microsoft,0.0,100000.0
"Capital Advisors, Ltd. LLC",amazon,0.0,100000.0
"Capital Advisors, Ltd. LLC",apple,0.41070375464400033,988.4959046625586
"Capital Advisors, Ltd. LLC",microsoft,0.3095805295992291,1162.322468679852
"Centerpoint Advisors, LLC",apple,0.1943798332189962,2221.946860939524
"Centerpoint Advisors, LLC",asml,0.0,100000.0
"Centerpoint Advisors, LLC",meta,0.7419482190640068,45.52935074866948
"Centerpoint Advisors, LLC",microsoft,0.3789192434474733,1162.322468679852
"Centerpoint Advisors, LLC",salesforce,0.13181638876125645,0.6222570836730228
"Centre Asset Management, LLC",amazon,0.648613358676317,130.49019780144016
"Centre Asset Management, LLC",apple,0.6307089294399253,38.72038781812553
"Centre Asset Management, LLC",microsoft,0.7621844633625973,110.97524964120721
"Citadel Investment Advisory, Inc.",apple,0.0,100000.0
"Citadel Investment Advisory, Inc.",meta,0.9458097758529155,0.01
"Citadel Investment Advisory, Inc.",microsoft,0.0,100000.0
"Cito Capital Group, LLC",advanced_micro,0.3623166126043035,141.4991297434576
"Cito Capital Group, LLC",apple,0.0,100000.0
"Cito Capital Group, LLC",microsoft,0.0,100000.0
"Cito Capital Group, LLC",salesforce,0.0,100000.0
"Cladis Investment Advisory, LLC",apple,0.6879941812860473,100000.0
"Cladis Investment Advisory, LLC",microsoft,0.6505164014515015,100000.0
Clare Market Investments LLC,amazon,0.26562805001656997,100000.0
Clare Market Investments LLC,apple,0.4136420129266908,100000.0
Clare Market Investments LLC,microsoft,0.46103805144946297,48241.08704165374
Clare Market Investments LLC,palo_alto,0.3329700401886502,100000.0
Close Asset Management Ltd,apple,0.0,100000.0
Close Asset Management Ltd,meta,0.8969503897222082,53.53566677410724
Close Asset Management Ltd,microsoft,0.8739920677555071,5415.871378079476
Close Asset Management Ltd,nvidia,0.0,100000.0
"Colorado Capital Management, Inc.",amazon,0.0,100000.0
"Colorado Capital Management, Inc.",apple,0.42887304231693424,659.3188271333541
"Colorado Capital Management, Inc.",microsoft,0.0,100000.0
"Community Bank & Trust, Waco, Texas",amazon,0.0,100000.0
"Community Bank & Trust, Waco, Texas",apple,0.14569342956181608,2833.096101839324
"Community Bank & Trust, Waco, Texas",microsoft,0.0,100000.0
"Community Bank & Trust, Waco, Texas",salesforce,0.0,100000.0
"Comprehensive Wealth Management, LLC",microsoft,0.9010414780251819,0.01
"Concord Asset Management, LLC/VA",apple,0.9149425305424282,100000.0
"Concord Asset Management, LLC/VA",microsoft,0.9001059683785124,100000.0
Consolidated Investment Group LLC,amazon,0.0,100000.0
Consolidated Investment Group LLC,apple,0.0,100000.0
Consolidated Investment Group LLC,microsoft,0.6436616627333283,988.4959046625586
Consolidated Investment Group LLC,palo_alto,0.31943958082453017,1260.3829296797273
Consolidated Investment Group LLC,salesforce,0.0,100000.0
"Continuum Advisory, LLC",asml,0.24050013458359576,100000.0
"Continuum Advisory, LLC",meta,0.7117909527207156,72326.33896483533
Cordatus Wealth Management LLC,microsoft,0.3233519949518474,1366.7163564620073
"Cornerstone Management, Inc.",apple,0.0,100000.0
"Cornerstone Management, Inc.",microsoft,0.9068233794789098,3612.3426997094302
"Corrigan Financial, Inc.",amazon,0.0,100000.0
"Corrigan Financial, Inc.",apple,0.4128612552900366,100000.0
"Corrigan Financial, Inc.",microsoft,0.31962986381717595,100000.0
Covestor Ltd,advanced_micro,0.4691579099932951,3.1440354715915
Covestor Ltd,amazon,0.0,100000.0
Covestor Ltd,apple,0.5007788566395507,9.771241535346501
Covestor Ltd,microsoft,0.6211450625034178,12.458833642950081
Covington Investment Advisors Inc.,apple,0.28502730290439793,9547.716114208066
Covington Investment Advisors Inc.,microsoft,0.27328181407324703,13200.884008314168
"Crossmark Global Holdings, Inc.",advanced_micro,0.3933328203996559,7488.103857590015
"Crossmark Global Holdings, Inc.",amazon,0.0,100000.0
"Crossmark Global Holdings, Inc.",asml,0.0,100000.0
"Crossmark Global Holdings, Inc.",microsoft,0.21531884494948772,18251.834943190424
"Crossmark Global Holdings, Inc.",salesforce,0.0,100000.0
"Crossmark Global Holdings, Inc.",shopify,0.4485320023738032,1742.6333860096508
"Crossmark Global Holdings, Inc.",snowflake,0.0,100000.0
"Cunning Capital Partners, LP",amazon,0.8837640948253728,62.94988990221888
"Cunning Capital Partners, LP",apple,0.6875819392667657,405.54607358408276
"Cunning Capital Partners, LP",microsoft,0.8531752336449581,212.14517849106278
DELTA CAPITAL MANAGEMENT LLC,microsoft,0.0,100000.0
DEROY & DEVEREAUX PRIVATE INVESTMENT COUNSEL INC,amazon,0.0,100000.0
DEROY & DEVEREAUX PRIVATE INVESTMENT COUNSEL INC,apple,0.8406681175750457,318.0625692794119
DEROY & DEVEREAUX PRIVATE INVESTMENT COUNSEL INC,palo_alto,0.40284061737839516,38.72038781812553
"DIVIDEND ASSETS CAPITAL, LLC",salesforce,0.0,100000.0
DOHENY ASSET MANAGEMENT /CA,apple,0.0,100000.0
DOHENY ASSET MANAGEMENT /CA,tesla,0.6902548500555992,13.509935211980265
Daiwa Securities Group Inc.,amazon,0.04178501871531459,100000.0
Disciplina Capital Management LLC,apple,0.2943154606478062,37834.62617131925
Dixon Mitchell Investment Counsel Inc.,amazon,0.7520442903271161,100000.0
Dixon Mitchell Investment Counsel Inc.,apple,0.45449434306357905,100000.0
Dixon Mitchell Investment Counsel Inc.,microsoft,0.22994737486590855,100000.0
E. Ohman J:or Asset Management AB,amazon,0.39129861187030246,100000.0
E. Ohman J:or Asset Management AB,microsoft,0.4337058094147127,100000.0
EADS & HEALD WEALTH MANAGEMENT,advanced_micro,0.0,100000.0
EADS & HEALD WEALTH MANAGEMENT,amazon,0.0,100000.0
EADS & HEALD WEALTH MANAGEMENT,meta,0.9359826940407607,5.5426645206631076
EADS & HEALD WEALTH MANAGEMENT,microsoft,0.0,100000.0
EADS & HEALD WEALTH MANAGEMENT,nvidia,0.0,100000.0
EADS & HEALD WEALTH MANAGEMENT,salesforce,0.5801566916777686,53.53566677410724
EMC Capital Management,amazon,0.5974313858811864,212.14517849106278
EMC Capital Management,meta,0.954956617021202,1.011637979766207
EUBEL BRADY & SUTTMAN ASSET MANAGEMENT INC,microsoft,0.0,100000.0
EVERENCE CAPITAL MANAGEMENT INC,amazon,0.0,100000.0
EVERENCE CAPITAL MANAGEMENT INC,apple,0.09584318224126898,7488.103857590015
EVERENCE CAPITAL MANAGEMENT INC,microsoft,0.0,100000.0
EVERENCE CAPITAL MANAGEMENT INC,nvidia,0.0,100000.0
EVERENCE CAPITAL MANAGEMENT INC,salesforce,0.6581750084285855,74.01959996915645
EVERENCE CAPITAL MANAGEMENT INC,tesla,0.0,100000.0
EXECUTIVE WEALTH GROUP LLC,apple,0.27412789915083313,32176.417502507353
EXECUTIVE WEALTH GROUP LLC,microsoft,0.21399958453054269,100000.0
"Eagle Capital Management, LLC",amazon,0.0,100000.0
"Eagle Capital Management, LLC",apple,0.0,100000.0
"Eagle Capital Management, LLC",microsoft,0.0,100000.0
"Eldridge Investment Advisors, Inc.",apple,0.2791052648412382,560.7169938205458
"Eldridge Investment Advisors, Inc.",microsoft,0.0,100000.0
Employees Retirement System of Texas,advanced_micro,0.0,100000.0
"Endurance Wealth Management, Inc.",apple,0.0,100000.0
"Endurance Wealth Management, Inc.",google,0.7882409715523387,68.26071834272386
"Endurance Wealth Management, Inc.",microsoft,0.0,100000.0
"Endurance Wealth Management, Inc.",palo_alto,0.7020741143961435,293.31662783900424
"Endurance Wealth Management, Inc.",salesforce,0.4658386217001811,28.00503894183631
Envoi LLC,apple,0.24272365421923614,92219.78823334322
Equinox Partners Investment Management LLC,meta,0.7303208681207216,100000.0
Erste Asset Management GmbH,amazon,0.47506784160801085,100000.0
Erste Asset Management GmbH,apple,0.5922760595647247,100000.0
Erste Asset Management GmbH,microsoft,0.6234320419970882,100000.0
Estabrook Capital Management,advanced_micro,0.7485980326006821,3612.3426997094302
Estabrook Capital Management,meta,0.8740012716456832,32176.417502507353
Estabrook Capital Management,microsoft,0.4083591863763799,100000.0
Estabrook Capital Management,tesla,0.585630860833697,4247.571552536894
"Evolution Advisers, Inc.",apple,0.5770252468482837,13.509935211980265
"Evolution Advisers, Inc.",microsoft,0.7254371875223885,6.010276782070382
"Evolution Advisers, Inc.",tesla,0.8432998029555,0.11357333583431052
"F&V Capital Management, LLC",amazon,0.9416372609077565,5.111433483440165
"F&V Capital Management, LLC",apple,0.9263149943142913,10.59560179277616
"FINANCIAL ADVISORY PARTNERS, LLC",apple,0.6517827805942069,52310.993080562585
"FINANCIAL ADVISORY PARTNERS, LLC",microsoft,0.9217930144452126,34891.012134067736
FIRST WILSHIRE SECURITIES MANAGEMENT INC,meta,0.8359343640541304,9.771241535346501
FIRST WILSHIRE SECURITIES MANAGEMENT INC,microsoft,0.351533611683838,180.41864093920717
FISHMAN JAY A LTD/MI,microsoft,0.48587396783638814,100000.0
FOSTER & MOTLEY INC,microsoft,0.0,100000.0
FOSTER DYKEMA CABOT & CO INC/MA,amazon,0.396158020061278,1482.020705798857
FOSTER DYKEMA CABOT & CO INC/MA,microsoft,0.6380487045349104,1742.6333860096508
FRONT BARNETT ASSOCIATES LLC,amazon,0.3294686488165992,2612.6752255633264
FRONT BARNETT ASSOCIATES LLC,microsoft,0.0,100000.0
FRONT BARNETT ASSOCIATES LLC,salesforce,0.0,100000.0
Farmers & Merchants Trust Co of Chambersburg PA,amazon,0.0,100000.0
Farmers & Merchants Trust Co of Chambersburg PA,apple,0.18615703071945466,153.43684089300132
Farmers & Merchants Trust Co of Chambersburg PA,microsoft,0.0,100000.0
Farmers & Merchants Trust Co of Chambersburg PA,nvidia,0.0,100000.0
Farmers National Bank,amazon,0.03314582683514933,100000.0
"Financial & Tax Architects, LLC",amazon,0.35751358934061106,100000.0
"Financial & Tax Architects, LLC",apple,0.23240385455025137,100000.0
"Financial & Tax Architects, LLC",asml,0.28908041374900106,92219.78823334322
"Financial & Tax Architects, LLC",meta,0.10960604835342902,100000.0
"Financial & Tax Architects, LLC",microsoft,0.0,100000.0
"Financial Connections Group, Inc.",amazon,0.8660031505653959,2.0970464013232326
"Financial Connections Group, Inc.",apple,0.898285947956709,6.51733960488242
"Financial Connections Group, Inc.",salesforce,0.7003340851713405,0.41504047578504744
"Financial Synergies Wealth Advisors, Inc.",amazon,0.030631664722949536,85044.89341802686
"First Fiduciary Investment Counsel, Inc.",apple,0.0,100000.0
"First Fiduciary Investment Counsel, Inc.",microsoft,0.0,100000.0
First PREMIER Bank,amazon,0.0,100000.0
First PREMIER Bank,microsoft,0.4349267516674655,659.3188271333541
"Focus Financial Network, Inc.",amazon,0.5728362716938278,100000.0
"Focus Financial Network, Inc.",apple,0.6686561239114117,0.01
"Focus Financial Network, Inc.",microsoft,0.5317027983219417,41026.581058271906
"Focus Financial Network, Inc.",palo_alto,0.6059582505876144,100000.0
"Focus Financial Network, Inc.",salesforce,0.8390732663628767,3612.3426997094302
"Frisch Financial Group, Inc.",amazon,0.4148014022612668,230.04301197729168
"Frisch Financial Group, Inc.",apple,0.0,100000.0
"Frisch Financial Group, Inc.",meta,0.9580502023998203,10.59560179277616
"Frisch Financial Group, Inc.",microsoft,0.0,100000.0
"Frisch Financial Group, Inc.",salesforce,0.0,100000.0
"Front Street Capital Management, Inc.",amazon,0.0,100000.0
"Front Street Capital Management, Inc.",microsoft,0.0,100000.0
"Front Street Capital Management, Inc.",tesla,0.6930973541781749,8.309941949353396
Fruth Investment Management,apple,0.3191850487704452,439.7603609302721
Fruth Investment Management,meta,0.32866671878408815,318.0625692794119
Fruth Investment Management,microsoft,0.3071837903724677,714.9428986597577
GFI Investment Counsel Ltd.,apple,0.0,100000.0
GFI Investment Counsel Ltd.,microsoft,0.06938061914119464,4247.571552536894
GROESBECK INVESTMENT MANAGEMENT CORP /NJ/,amazon,0.0,100000.0
GROESBECK INVESTMENT MANAGEMENT CORP /NJ/,microsoft,0.3117884434155721,212.14517849106278
"GW&K Investment Management, LLC",amazon,0.0,100000.0
"GW&K Investment Management, LLC",microsoft,0.4178439404901021,8119.844993184009
"Garde Capital, Inc.",palo_alto,0.545701686401739,14.649713983072864
Generali Powszechne Towarzystwo Emerytalne,microsoft,0.8733904221000415,100000.0
Generali Powszechne Towarzystwo Emerytalne,salesforce,0.6354150920307275,100000.0
Gifford Fong Associates,advanced_micro,0.22140740813457138,373.9937302478794
Gifford Fong Associates,amazon,0.8075833297019122,988.4959046625586
Gifford Fong Associates,apple,0.6797738320465105,659.3188271333541
Gifford Fong Associates,microsoft,0.7003481720872826,405.54607358408276
Gifford Fong Associates,nvidia,0.0,100000.0
Gifford Fong Associates,salesforce,0.0,100000.0
Gifford Fong Associates,shopify,0.6472047132748358,439.7603609302721
"Glen Eagle Advisors, LLC",amazon,0.3564039870342389,100000.0
"Glen Eagle Advisors, LLC",apple,0.5433303461473393,14314.589375234786
"Glen Eagle Advisors, LLC",meta,0.04477633772898426,100000.0
"Glen Eagle Advisors, LLC",microsoft,0.581117032092964,34891.012134067736
"Glen Eagle Advisors, LLC",salesforce,0.02897942664099329,100000.0
"Glen Eagle Advisors, LLC",snowflake,0.0,100000.0
"Global Financial Private Client, LLC",amazon,0.528908464684545,2049.074689815846
"Global Financial Private Client, LLC",apple,0.822420911776153,34891.012134067736
"Global Financial Private Client, LLC",microsoft,0.5960491544010489,714.9428986597577
Grandview Asset Management LLC,advanced_micro,0.0,100000.0
Grandview Asset Management LLC,apple,0.0,100000.0
Grandview Asset Management LLC,meta,0.9578924329014231,21.96385372416547
Grandview Asset Management LLC,salesforce,0.9083164833387336,17.225859653987857
Grandview Asset Management LLC,shopify,0.8955217866497742,0.01
Grassi Investment Management,advanced_micro,0.17342167227690142,4247.571552536894
Grassi Investment Management,amazon,0.0,100000.0
Grassi Investment Management,meta,0.9039702398801556,9.771241535346501
Grassi Investment Management,microsoft,0.0,100000.0
Grassi Investment Management,salesforce,0.0,100000.0
Greenwich Wealth Management LLC,amazon,0.0,100000.0
Greenwich Wealth Management LLC,apple,0.5469760230316437,2612.6752255633264
Greenwich Wealth Management LLC,microsoft,0.13689096346107787,2612.6752255633264
Greenwich Wealth Management LLC,tesla,0.0,100000.0
Gulf International Bank (UK) Ltd,advanced_micro,0.1626937157815881,1366.7163564620073
Gulf International Bank (UK) Ltd,amazon,0.9259852082511472,1742.6333860096508
Gulf International Bank (UK) Ltd,microsoft,0.8191545323457149,5872.786613189477
Gulf International Bank (UK) Ltd,nvidia,0.0,100000.0
Gulf International Bank (UK) Ltd,salesforce,0.7725337587765267,1260.3829296797273
HALL LAURIE J TRUSTEE,amazon,0.8006289582480519,13.509935211980265
HALL LAURIE J TRUSTEE,meta,0.95252587717085,0.3827494478516313
HALL LAURIE J TRUSTEE,microsoft,0.6750241564982957,2409.403560239527
HALL LAURIE J TRUSTEE,nvidia,0.0,100000.0
HALL LAURIE J TRUSTEE,palo_alto,0.48952148927889705,21.96385372416547
"HANTZ FINANCIAL SERVICES, INC.",apple,0.22304044840126336,6905.513520162331
"HANTZ FINANCIAL SERVICES, INC.",meta,0.882773509822855,911.5888299750818
"HANTZ FINANCIAL SERVICES, INC.",microsoft,0.39800220671452224,11226.677735108136
"HANTZ FINANCIAL SERVICES, INC.",nvidia,0.24103686975850436,8119.844993184009
"HANTZ FINANCIAL SERVICES, INC.",palo_alto,0.4116203124860328,1162.322468679852
"HANTZ FINANCIAL SERVICES, INC.",salesforce,0.0,100000.0
HBW Advisory Services LLC,amazon,0.760896750986595,10.59560179277616
HBW Advisory Services LLC,apple,0.0,100000.0
HBW Advisory Services LLC,microsoft,0.0,100000.0
HBW Advisory Services LLC,salesforce,0.0,100000.0
HENDLEY & CO INC,amazon,0.6844950402302847,840.6652885618316
HENDLEY & CO INC,apple,0.0,100000.0
HENDLEY & CO INC,microsoft,0.0,100000.0
HENDLEY & CO INC,nvidia,0.7358945970612629,45.52935074866948
HERITAGE INVESTORS MANAGEMENT CORP,amazon,0.0,100000.0
HERITAGE INVESTORS MANAGEMENT CORP,apple,0.2682090189155133,8804.883581643464
HERITAGE INVESTORS MANAGEMENT CORP,meta,0.948504734020952,87.03591361485165
HERITAGE INVESTORS MANAGEMENT CORP,microsoft,0.2705097944846184,12173.82727739662
HERITAGE INVESTORS MANAGEMENT CORP,palo_alto,0.47571619209697125,11226.677735108136
HERITAGE INVESTORS MANAGEMENT CORP,salesforce,0.0,100000.0
HERITAGE INVESTORS MANAGEMENT CORP,shopify,0.4561112437287599,53.53566677410724
HGK ASSET MANAGEMENT INC,apple,0.0,100000.0
HUNTER ASSOCIATES INVESTMENT MANAGEMENT LLC,amazon,0.0,100000.0
HUNTER ASSOCIATES INVESTMENT MANAGEMENT LLC,microsoft,0.0,100000.0
"Halpern Financial, Inc.",microsoft,0.3981500503251544,32176.417502507353
Handelsbanken Fonder AB,advanced_micro,0.2890385270636904,25235.391704347658
Handelsbanken Fonder AB,palo_alto,0.0,100000.0
Handelsbanken Fonder AB,snowflake,0.3418551011844799,560.7169938205458
Hanson & Doremus Investment Management,apple,0.24160989099731678,373.9937302478794
Hanson & Doremus Investment Management,microsoft,0.26484968656111996,2049.074689815846
Hanson & Doremus Investment Management,salesforce,0.0,100000.0
Hayek Kallen Investment Management,amazon,0.0,100000.0
Hayek Kallen Investment Management,apple,0.1780992064223641,2221.946860939524
Hayek Kallen Investment Management,microsoft,0.0,100000.0
Hayek Kallen Investment Management,nvidia,0.0,100000.0
Hemington Wealth Management,amazon,0.0,100000.0
Hemington Wealth Management,apple,0.2858544593578991,4247.571552536894
Hemington Wealth Management,microsoft,0.31392563148954633,775.2597488629465
Hemington Wealth Management,tesla,0.10337461811049997,53.53566677410724
"High Probability Advisors, LLC",apple,0.20314845243535173,100000.0
"High Probability Advisors, LLC",microsoft,0.0694617366976037,100000.0
"Hobart Private Capital, LLC",apple,0.9242336199531117,19791.668678535574
"Horrell Capital Management, Inc.",apple,0.3093330641454254,102.34114021054528
"Horrell Capital Management, Inc.",microsoft,0.0,100000.0
Hudson Canyon Capital Management,advanced_micro,0.31939085105449627,85044.89341802686
Hudson Canyon Capital Management,amazon,0.3024830269615335,100000.0
Hudson Canyon Capital Management,apple,0.28165803727475247,100000.0
Hudson Canyon Capital Management,meta,0.9217679687999456,21461.41197858406
Hudson Canyon Capital Management,microsoft,0.7256481165985814,100000.0
Hudson Canyon Capital Management,nvidia,0.49744813139505406,100000.0
Hudson Canyon Capital Management,salesforce,0.2457304732023089,100000.0
Hudson Canyon Capital Management,tesla,0.0,100000.0
"Hunter Perkins Capital Management, LLC",apple,0.8022519709385356,714.9428986597577
Ilmarinen Mutual Pension Insurance Co,microsoft,0.0,100000.0
Ilmarinen Mutual Pension Insurance Co,nvidia,0.0,100000.0
Ilmarinen Mutual Pension Insurance Co,salesforce,0.0,100000.0
"Independent Solutions Wealth Management, LLC",advanced_micro,0.8379561792009655,3072.112998861759
"Independent Solutions Wealth Management, LLC",amazon,0.4138856866928048,100000.0
"Independent Solutions Wealth Management, LLC",apple,0.3614719361131451,23272.024789604075
"Independent Solutions Wealth Management, LLC",microsoft,0.28894449171497427,48241.08704165374
Intermede Investment Partners Ltd,amazon,0.30875131034130143,25235.391704347658
"Iyo Bank, Ltd.",amazon,0.8747089223875338,74.01959996915645
"Iyo Bank, Ltd.",apple,0.8330289535415067,130.49019780144016
"Iyo Bank, Ltd.",microsoft,0.8378348222342655,659.3188271333541
"Iyo Bank, Ltd.",salesforce,0.762543650435554,249.45081352303166
JACOBS & CO/CA,amazon,0.0,100000.0
JACOBS & CO/CA,apple,0.27558821353890406,2833.096101839324
JACOBS & CO/CA,meta,0.9557877066816118,120.33778407775905
JACOBS & CO/CA,microsoft,0.0,100000.0
JACOBS & CO/CA,nvidia,0.0,100000.0
JACOBS & CO/CA,palantir,0.4088627473096702,53.53566677410724
JTC Employer Solutions Trustee Ltd,advanced_micro,0.3380854278228336,21.96385372416547
JTC Employer Solutions Trustee Ltd,apple,0.0,100000.0
Janney Capital Management LLC,meta,0.9611651667923752,32.929712550971516
Janney Capital Management LLC,microsoft,0.0,100000.0
Janney Capital Management LLC,salesforce,0.800217660869901,249.45081352303166
Janney Montgomery Scott LLC,advanced_micro,0.8746363675998999,80.26433522257175
Janney Montgomery Scott LLC,amazon,0.682082854582819,2049.074689815846
Janney Montgomery Scott LLC,apple,0.7769341325398638,18251.834943190424
Janney Montgomery Scott LLC,asml,0.2374443885232087,11226.677735108136
Janney Montgomery Scott LLC,salesforce,0.0,100000.0
"Jarislowsky, Fraser Ltd",amazon,0.0,100000.0
"Jarislowsky, Fraser Ltd",apple,0.0,100000.0
"Jarislowsky, Fraser Ltd",asml,0.0,100000.0
"Jarislowsky, Fraser Ltd",microsoft,0.0,100000.0
"Kaydan Wealth Management, Inc.",apple,0.8476469924674077,2833.096101839324
"Kaydan Wealth Management, Inc.",microsoft,0.9278565055377699,4994.50511585514
Kelly Financial Services LLC,meta,0.9563289955527741,911.5888299750818
KilterHowling LLC,amazon,0.8566135935754225,8119.844993184009
KilterHowling LLC,apple,0.8304676783160977,32176.417502507353
KilterHowling LLC,microsoft,0.8617532168278321,34891.012134067736
King Wealth,amazon,0.8303098070291046,1260.3829296797273
King Wealth,apple,0.0,100000.0
King Wealth,microsoft,0.0,100000.0
King Wealth,salesforce,0.957137661881407,8.309941949353396
LATHROP INVESTMENT MANAGEMENT CORP,amazon,0.07023789784167667,166.38168860761274
LATHROP INVESTMENT MANAGEMENT CORP,microsoft,0.0,100000.0
LAZARD ASSET MANAGEMENT LLC,microsoft,0.19062447675247718,100000.0
LAZARD ASSET MANAGEMENT LLC,salesforce,0.0,100000.0
LEDERER & ASSOCIATES INVESTMENT COUNSEL/CA,amazon,0.4618470875430093,100000.0
LEDERER & ASSOCIATES INVESTMENT COUNSEL/CA,apple,0.4901330365887797,100000.0
LEDERER & ASSOCIATES INVESTMENT COUNSEL/CA,meta,0.9494089151692752,17.225859653987857
LEDERER & ASSOCIATES INVESTMENT COUNSEL/CA,microsoft,0.48826308015352504,100000.0
LEDERER & ASSOCIATES INVESTMENT COUNSEL/CA,nvidia,0.3207646793575447,100000.0
LINCLUDEN MANAGEMENT LTD,microsoft,0.6327122902371516,5.111433483440165
"LORD, ABBETT & CO. LLC",microsoft,0.3282643320481836,100000.0
LSV ASSET MANAGEMENT,apple,0.34073412140991366,10353.218432956615
LSV ASSET MANAGEMENT,microsoft,0.0,100000.0
LVM CAPITAL MANAGEMENT LTD/MI,amazon,0.0,100000.0
LVM CAPITAL MANAGEMENT LTD/MI,microsoft,0.28168885918070685,8804.883581643464
Lakehouse Capital Pty Ltd,amazon,0.0,100000.0
Lakehouse Capital Pty Ltd,meta,0.898111080629853,0.01
"Legacy Wealth Management, LLC / MS",apple,0.5536376759798561,11226.677735108136
"Legacy Wealth Management, LLC / MS",microsoft,0.6026872320806229,8804.883581643464
"Legacy Wealth Management, LLC / MS",palo_alto,0.627088212350615,1607.0528182616385
Lesa Sroufe & Co,amazon,0.2533413678529144,68.26071834272386
Lesa Sroufe & Co,apple,0.38876505531972805,130.49019780144016
Lesa Sroufe & Co,microsoft,0.0,100000.0
Lester Murray Antman dba SimplyRich,amazon,0.0,100000.0
Lester Murray Antman dba SimplyRich,apple,0.3033006444521087,1889.6523396912078
Lester Murray Antman dba SimplyRich,asml,0.0,100000.0
Lester Murray Antman dba SimplyRich,microsoft,0.12544715772354653,1742.6333860096508
Liontrust Investment Partners LLP,amazon,0.9415076464463512,0.01
Liontrust Investment Partners LLP,palo_alto,0.9191252483063065,0.01
Lipe & Dalton,amazon,0.8891710904941253,0.01
Lipe & Dalton,apple,0.2503074914000356,988.4959046625586
Lipe & Dalton,meta,0.9547561356678329,7.663410868007454
Lipe & Dalton,microsoft,0.0,100000.0
Lipe & Dalton,nvidia,0.0,100000.0
"Long Road Investment Counsel, LLC",microsoft,0.3426826962634262,141.4991297434576
Lumina Fund Management LLC,apple,0.0,100000.0
MAGNOLIA CAPITAL MANAGEMENT LTD,apple,0.39971673088505744,405.54607358408276
MAGNOLIA CAPITAL MANAGEMENT LTD,microsoft,0.0,100000.0
MCDANIEL TERRY & CO,advanced_micro,0.0,100000.0
MCDANIEL TERRY & CO,amazon,0.0,100000.0
MCDANIEL TERRY & CO,microsoft,0.25759683449340987,13200.884008314168
MCDANIEL TERRY & CO,salesforce,0.0,100000.0
MENLO ADVISORS LLC,apple,0.17346278542895388,840.6652885618316
MENLO ADVISORS LLC,microsoft,0.0,100000.0
MOUNT VERNON ASSOCIATES INC /MD/,amazon,0.0,100000.0
MOUNT VERNON ASSOCIATES INC /MD/,apple,0.0,100000.0
MOUNT VERNON ASSOCIATES INC /MD/,meta,0.8525892691618474,293.31662783900424
MOUNT VERNON ASSOCIATES INC /MD/,microsoft,0.0,100000.0
MSH Capital Advisors LLC,amazon,0.6525715197270523,12173.82727739662
MSH Capital Advisors LLC,apple,0.6219120008061381,100000.0
MSH Capital Advisors LLC,meta,0.9316885791663356,2833.096101839324
MSH Capital Advisors LLC,microsoft,0.8931222431263794,92219.78823334322
"Madrona Venture Group, LLC",snowflake,0.9257137834112874,2833.096101839324
Marotta Asset Management,amazon,0.8442995496059237,29673.024081888667
Marotta Asset Management,microsoft,0.48274158612508344,100000.0
Martel Wealth Advisors Inc,amazon,0.44024881640090907,100000.0
Martel Wealth Advisors Inc,apple,0.14533554284243522,100000.0
"Martin Capital Partners, LLC",microsoft,0.2832718645274601,293.31662783900424
"Mason Investment Advisory Services, Inc.",amazon,0.8538690096661457,2612.6752255633264
"Mason Investment Advisory Services, Inc.",apple,0.5585723260931323,37834.62617131925
"Mason Investment Advisory Services, Inc.",microsoft,0.7175459690902624,100000.0
"Mathes Company, Inc.",amazon,0.0,100000.0
"Mathes Company, Inc.",apple,0.0,100000.0
"Mathes Company, Inc.",microsoft,0.0,100000.0
"Mathes Company, Inc.",salesforce,0.9367872253119068,62.94988990221888
"McCarthy Grittinger Financial Group, LLC",advanced_micro,0.0,100000.0
"McCarthy Grittinger Financial Group, LLC",apple,0.31936659855001004,25235.391704347658
"McCarthy Grittinger Financial Group, LLC",microsoft,0.0,100000.0
"McCarthy Grittinger Financial Group, LLC",salesforce,0.0,100000.0
"McClarren Financial Advisors, Inc.",apple,0.39211946404889386,212.14517849106278
Meridian Financial Partners LLC,amazon,0.6565982382046529,20.255019392306664
Meridian Financial Partners LLC,apple,0.7961067748159907,25.826187606826746
Meridian Financial Partners LLC,microsoft,0.8431330039173772,32.929712550971516
Meridian Financial Partners LLC,salesforce,0.41367408044196474,230.04301197729168
"Meridian Financial, LLC",amazon,0.8940140357459117,4994.50511585514
"Meridian Financial, LLC",apple,0.8265252408229721,61509.857885805046
"Meridian Financial, LLC",microsoft,0.83352684335765,72326.33896483533
Mn Services Vermogensbeheer B.V.,apple,0.0,100000.0
Mn Services Vermogensbeheer B.V.,microsoft,0.0,100000.0
Mn Services Vermogensbeheer B.V.,salesforce,0.7197727994660019,1260.3829296797273
Morningstar Investment Services LLC,microsoft,0.0,100000.0
Morton Capital Management LLC/CA,amazon,0.9101744131082493,9547.716114208066
Morton Capital Management LLC/CA,apple,0.91289204124144,61509.857885805046
Morton Capital Management LLC/CA,microsoft,0.9358911329483592,32176.417502507353
NEVILLE RODIE & SHAW INC,amazon,0.0,100000.0
NEVILLE RODIE & SHAW INC,apple,0.23698623050953815,7488.103857590015
NEVILLE RODIE & SHAW INC,microsoft,0.0,100000.0
NEVILLE RODIE & SHAW INC,palo_alto,0.7344081391962809,38.72038781812553
NEVILLE RODIE & SHAW INC,salesforce,0.0,100000.0
NEW MEXICO EDUCATIONAL RETIREMENT BOARD,amazon,0.0,100000.0
NEW MEXICO EDUCATIONAL RETIREMENT BOARD,apple,0.0,100000.0
NEW MEXICO EDUCATIONAL RETIREMENT BOARD,microsoft,0.0,100000.0
NEW YORK STATE COMMON RETIREMENT FUND,amazon,0.18112753316542374,100000.0
NEW YORK STATE COMMON RETIREMENT FUND,apple,0.25170677538160124,100000.0
NEW YORK STATE COMMON RETIREMENT FUND,microsoft,0.2561395469967179,100000.0
NEW YORK STATE COMMON RETIREMENT FUND,palo_alto,0.24495443166677167,8119.844993184009
NEW YORK STATE TEACHERS RETIREMENT SYSTEM,advanced_micro,0.3149045249217671,25235.391704347658
NEW YORK STATE TEACHERS RETIREMENT SYSTEM,amazon,0.288207933067989,100000.0
NEW YORK STATE TEACHERS RETIREMENT SYSTEM,apple,0.06338147143780903,100000.0
NEW YORK STATE TEACHERS RETIREMENT SYSTEM,microsoft,0.13986121571559385,100000.0
NEW YORK STATE TEACHERS RETIREMENT SYSTEM,nvidia,0.5736395147479989,1071.8913192051286
NEW YORK STATE TEACHERS RETIREMENT SYSTEM,salesforce,0.0,100000.0
NEW YORK STATE TEACHERS RETIREMENT SYSTEM,tesla,0.0,100000.0
"NFC Investments, LLC",apple,0.0,100000.0
"NFC Investments, LLC",microsoft,0.0,100000.0
"NFP Retirement, Inc.",apple,0.6209182470868937,44487.82831127585
"NFP Retirement, Inc.",shopify,0.6595494002334754,9547.716114208066
NKCFO LLC,amazon,0.0,100000.0
NKCFO LLC,apple,0.0,100000.0
NKCFO LLC,microsoft,0.2107987289679475,2221.946860939524
NOESIS CAPITAL MANGEMENT CORP,amazon,0.0,100000.0
NOESIS CAPITAL MANGEMENT CORP,apple,0.15389788170936314,100000.0
NORTHSTAR ASSET MANAGEMENT INC,amazon,0.8432134607201418,23272.024789604075
NORTHSTAR ASSET MANAGEMENT INC,apple,0.3299826637652563,100000.0
NORTHSTAR ASSET MANAGEMENT INC,microsoft,0.28318405331549446,100000.0
NORTHSTAR ASSET MANAGEMENT INC,salesforce,0.1690258975675415,100000.0
NORTHSTAR ASSET MANAGEMENT INC,tesla,0.06630886701615035,85044.89341802686
"NSI Retail Advisors, LLC",apple,0.5096959014555352,4247.571552536894
"NSI Retail Advisors, LLC",microsoft,0.504843734425302,4605.922041145103
NWI MANAGEMENT LP,palo_alto,0.26738069893918526,2221.946860939524
"Narus Financial Partners, LLC",amazon,0.06221340214498272,100000.0
"Narus Financial Partners, LLC",apple,0.16967256394743435,100000.0
"Narus Financial Partners, LLC",microsoft,0.31245066976718106,100000.0
"National Wealth Management Group, LLC",apple,0.5586958483319407,66699.19663030114
"National Wealth Management Group, LLC",microsoft,0.9140201259895088,44487.82831127585
"New England Research & Management, Inc.",microsoft,0.49453564877852985,373.9937302478794
"Nicollet Investment Management, Inc.",amazon,0.0,100000.0
"Nicollet Investment Management, Inc.",meta,0.9505292928185501,68.26071834272386
"Nicollet Investment Management, Inc.",microsoft,0.0,100000.0
"Nicollet Investment Management, Inc.",palo_alto,0.4305135582720101,714.9428986597577
"Nicollet Investment Management, Inc.",tesla,0.6942224247459827,58.05225516094896
"Norman Fields, Gottscho Capital Management, LLC",amazon,0.0,100000.0
"Norman Fields, Gottscho Capital Management, LLC",apple,0.21674973426152,2049.074689815846
"Norman Fields, Gottscho Capital Management, LLC",microsoft,0.17000156810355949,318.0625692794119
North Growth Management Ltd.,microsoft,0.0,100000.0
North Growth Management Ltd.,nvidia,0.5204041784659958,911.5888299750818
OGOREK ANTHONY JOSEPH /NY/ /ADV,asml,0.5198854346321236,3.6969127071950285
"Old North State Trust, LLC",amazon,0.0,100000.0
"Old North State Trust, LLC",apple,0.318937153384682,659.3188271333541
"Old North State Trust, LLC",microsoft,0.47965466502959275,560.7169938205458
"Old North State Wealth Management, LLC",amazon,0.894005277788636,32176.417502507353
"Old North State Wealth Management, LLC",apple,0.6576114589479627,100000.0
"Old North State Wealth Management, LLC",microsoft,0.8743632461554351,48241.08704165374
"Olstein Capital Management, L.P.",apple,0.6904240254313017,9.771241535346501
"Olstein Capital Management, L.P.",microsoft,0.40070426336162235,249.45081352303166
OneAscent Financial Services LLC,asml,0.897265278113662,5.5426645206631076
OneAscent Financial Services LLC,palo_alto,0.0,100000.0
OneAscent Wealth Management LLC,apple,0.8752858604782513,0.010843659686896103
"Opus Capital Group, LLC",advanced_micro,0.0,100000.0
"Opus Capital Group, LLC",apple,0.28258508163529017,180.41864093920717
"Opus Capital Group, LLC",microsoft,0.0,100000.0
PARADIGM ASSET MANAGEMENT CO LLC,asml,0.06645795692107281,100000.0
PARADIGM ASSET MANAGEMENT CO LLC,microsoft,0.6650033072990558,100000.0
PAYDEN & RYGEL,microsoft,0.0,100000.0
PEAPACK GLADSTONE FINANCIAL CORP,advanced_micro,0.26463091487477997,166.38168860761274
PEAPACK GLADSTONE FINANCIAL CORP,apple,0.5833682810916752,29673.024081888667
PENOBSCOT WEALTH MANAGEMENT,amazon,0.2688579121098401,25.826187606826746
PENOBSCOT WEALTH MANAGEMENT,apple,0.21786822374147718,318.0625692794119
PENOBSCOT WEALTH MANAGEMENT,microsoft,0.0,100000.0
PFS INVESTMENTS INC.,microsoft,0.5819402099488387,2612.6752255633264
"PFS Partners, LLC",amazon,0.6168938006665605,4605.922041145103
"PFS Partners, LLC",apple,0.833203906646767,6368.249944718586
"PFS Partners, LLC",meta,0.8582460559996872,373.9937302478794
"PFS Partners, LLC",microsoft,0.9318413465762618,6905.513520162331
"PFS Partners, LLC",palo_alto,0.8051984746333551,1742.6333860096508
PGGM Investments,apple,0.876674815858781,775.2597488629465
PGGM Investments,microsoft,0.7958585213016118,16831.80353330955
PHILADELPHIA TRUST CO,amazon,0.8054705254525366,2221.946860939524
PHILADELPHIA TRUST CO,apple,0.0,100000.0
PHILADELPHIA TRUST CO,meta,0.8888580234231893,35.707859649004625
PHILADELPHIA TRUST CO,microsoft,0.0,100000.0
PHILADELPHIA TRUST CO,nvidia,0.0,100000.0
"PHYSICIANS FINANCIAL SERVICES, INC.",amazon,0.0,100000.0
"PHYSICIANS FINANCIAL SERVICES, INC.",microsoft,0.2640782500413906,2049.074689815846
PIN OAK INVESTMENT ADVISORS INC,amazon,0.0,100000.0
PIN OAK INVESTMENT ADVISORS INC,microsoft,0.7057583218560184,7.067181273927491
PIN OAK INVESTMENT ADVISORS INC,palantir,0.7178935685331549,6.010276782070382
PRICE T ROWE ASSOCIATES INC /MD/,amazon,0.5221289416233891,100000.0
PRICE T ROWE ASSOCIATES INC /MD/,apple,0.3317626580718356,21461.41197858406
PRICE T ROWE ASSOCIATES INC /MD/,asml,0.5308868527083275,100000.0
PRICE T ROWE ASSOCIATES INC /MD/,microsoft,0.11685614205040329,100000.0
PRICE T ROWE ASSOCIATES INC /MD/,salesforce,0.8757775474517122,6905.513520162331
PROFESSIONAL ADVISORY SERVICES INC,amazon,0.4939862665860726,1162.322468679852
PROFESSIONAL ADVISORY SERVICES INC,microsoft,0.0,100000.0
PUBLIC EMPLOYEES RETIREMENT ASSOCIATION OF COLORADO,advanced_micro,0.0,100000.0
PUBLIC EMPLOYEES RETIREMENT ASSOCIATION OF COLORADO,amazon,0.0,100000.0
PUBLIC EMPLOYEES RETIREMENT ASSOCIATION OF COLORADO,apple,0.10883848003083985,100000.0
PUBLIC EMPLOYEES RETIREMENT ASSOCIATION OF COLORADO,microsoft,0.40189580853565754,7488.103857590015
PUBLIC EMPLOYEES RETIREMENT ASSOCIATION OF COLORADO,palo_alto,0.5882384644256076,1742.6333860096508
PUBLIC EMPLOYEES RETIREMENT ASSOCIATION OF COLORADO,salesforce,0.0,100000.0
"Palisades Hudson Asset Management, L.P.",apple,0.2835296681448507,49.37047852839004
"Palisades Hudson Asset Management, L.P.",microsoft,0.23608056354361817,153.43684089300132
Peloton Wealth Strategists,apple,0.3392996996215416,30.367711180354576
Peloton Wealth Strategists,microsoft,0.0,100000.0
Peloton Wealth Strategists,salesforce,0.0,100000.0
Pensionfund Sabic,apple,0.0,100000.0
Pensionfund Sabic,microsoft,0.0,100000.0
"Pinnacle Holdings, LLC",microsoft,0.14541606434644727,100000.0
"Pinnacle Holdings, LLC",salesforce,0.08266042943501362,100000.0
"Plotkin Financial Advisors, LLC",amazon,0.5460419180568039,41026.581058271906
"Plotkin Financial Advisors, LLC",apple,0.36202055984954196,100000.0
"Plotkin Financial Advisors, LLC",microsoft,0.14838834474920004,100000.0
"PrairieView Partners, LLC",advanced_micro,0.10011873530870119,11.489510001873086
"PrairieView Partners, LLC",amazon,0.0,100000.0
"PrairieView Partners, LLC",apple,0.0,100000.0
"PrairieView Partners, LLC",microsoft,0.26394377882022146,439.7603609302721
"PrairieView Partners, LLC",salesforce,0.660291092910853,0.04297004704320839
"PrairieView Partners, LLC",snowflake,0.0,100000.0
"R. W. Roge & Company, Inc.",amazon,0.0,100000.0
"R. W. Roge & Company, Inc.",apple,0.6351033093432228,230.04301197729168
"R. W. Roge & Company, Inc.",microsoft,0.256701000779438,120.33778407775905
REAVES W H & CO INC,apple,0.31159831743483335,87.03591361485165
ROANOKE ASSET MANAGEMENT CORP/ NY,amazon,0.0,100000.0
ROANOKE ASSET MANAGEMENT CORP/ NY,apple,0.3307370503775301,405.54607358408276
ROANOKE ASSET MANAGEMENT CORP/ NY,meta,0.9469169403182439,53.53566677410724
ROANOKE ASSET MANAGEMENT CORP/ NY,microsoft,0.0,100000.0
ROVIN CAPITAL /UT/ /ADV,apple,0.30806090862547675,1162.322468679852
ROVIN CAPITAL /UT/ /ADV,salesforce,0.0,100000.0
ROWLAND & CO INVESTMENT COUNSEL/ADV,apple,0.4037427544061164,100000.0
ROWLAND & CO INVESTMENT COUNSEL/ADV,microsoft,0.2739914588859189,100000.0
"Radnor Capital Management, LLC",apple,0.39891293242895887,2833.096101839324
"Radnor Capital Management, LLC",microsoft,0.38722149581993115,608.0224261649427
"Rappaport Reiches Capital Management, LLC",microsoft,0.7455533492539193,48241.08704165374
Ratio Wealth Group,apple,0.6200699438101327,100000.0
Ratio Wealth Group,microsoft,0.5729966989252168,78428.22061337682
Rehmann Capital Advisory Group,advanced_micro,0.28768602028444856,100000.0
Rehmann Capital Advisory Group,asml,0.2444657789093262,100000.0
Rehmann Capital Advisory Group,microsoft,0.5149093219838258,100000.0
Rehmann Capital Advisory Group,salesforce,0.26378356793155733,100000.0
"Reynders McVeigh Capital Management, LLC",amazon,0.0,100000.0
"Reynders McVeigh Capital Management, LLC",apple,0.0,100000.0
"Reynders McVeigh Capital Management, LLC",microsoft,0.3016356806253462,8119.844993184009
"Reynders McVeigh Capital Management, LLC",nvidia,0.0,100000.0
"Reynders McVeigh Capital Management, LLC",palo_alto,0.0,100000.0
Rheos Capital Works Inc.,asml,0.8485695438537804,0.01
"Riverview Capital Advisers, LLC",amazon,0.9211742623359234,100000.0
"Riverview Capital Advisers, LLC",apple,0.8479606518918446,100000.0
"Riverview Capital Advisers, LLC",microsoft,0.9535421681093862,100000.0
"Riverview Capital Advisers, LLC",nvidia,0.9405905977154218,16831.80353330955
"Riverview Capital Advisers, LLC",salesforce,0.11506354481727088,100000.0
"Roble, Belko & Company, Inc",amazon,0.0,100000.0
"Roble, Belko & Company, Inc",apple,0.8692667815445989,11.489510001873086
"Roble, Belko & Company, Inc",microsoft,0.0,100000.0
"Roble, Belko & Company, Inc",salesforce,0.3698741936819189,0.3827494478516313
S&CO INC,amazon,0.0,100000.0
S&CO INC,apple,0.08676653679483348,6368.249944718586
S&CO INC,meta,0.8838477081531368,32.929712550971516
S&CO INC,microsoft,0.1117552208008612,11226.677735108136
S&CO INC,palo_alto,0.4664866431173368,1607.0528182616385
S&CO INC,salesforce,0.0,100000.0
SAYBROOK CAPITAL /NC,amazon,0.7924905148091105,58.05225516094896
SENTINEL TRUST CO LBA,meta,0.8841637800379826,195.63983435170647
SENTRY INVESTMENT MANAGEMENT LLC,amazon,0.0,100000.0
SENTRY INVESTMENT MANAGEMENT LLC,apple,0.0,100000.0
SENTRY INVESTMENT MANAGEMENT LLC,microsoft,0.0,100000.0
SENTRY INVESTMENT MANAGEMENT LLC,nvidia,0.6145457248160113,1162.322468679852
SENTRY INVESTMENT MANAGEMENT LLC,salesforce,0.0,100000.0
SHELL ASSET MANAGEMENT CO,amazon,0.540259619794172,7488.103857590015
SHELL ASSET MANAGEMENT CO,apple,0.413737859826973,10353.218432956615
SHELL ASSET MANAGEMENT CO,microsoft,0.2917047486439114,14314.589375234786
SHELL ASSET MANAGEMENT CO,shopify,0.7038074144973967,775.2597488629465
SHIKIAR ASSET MANAGEMENT INC,amazon,0.6451150489980312,988.4959046625586
SHIKIAR ASSET MANAGEMENT INC,microsoft,0.0,100000.0
SHIKIAR ASSET MANAGEMENT INC,salesforce,0.9433279788232249,9.771241535346501
SILVERLAKE WEALTH MANAGEMENT LLC,amazon,0.853449332953733,2833.096101839324
SILVERLAKE WEALTH MANAGEMENT LLC,apple,0.8298834319021078,0.01
SILVERLAKE WEALTH MANAGEMENT LLC,meta,0.8622571398211806,0.01
SILVERLAKE WEALTH MANAGEMENT LLC,microsoft,0.9438108607728586,100000.0
"SIMPLEX TRADING, LLC",amazon,0.5099017185153178,100000.0
"SIMPLEX TRADING, LLC",apple,0.1844752029352733,100000.0
"SIMPLEX TRADING, LLC",microsoft,0.5585403552435161,100000.0
SIT INVESTMENT ASSOCIATES INC,amazon,0.0,100000.0
SIT INVESTMENT ASSOCIATES INC,apple,0.0,100000.0
SIT INVESTMENT ASSOCIATES INC,asml,0.3684086479348745,1889.6523396912078
SIT INVESTMENT ASSOCIATES INC,microsoft,0.0,100000.0
SIT INVESTMENT ASSOCIATES INC,salesforce,0.0,100000.0
SONATA CAPITAL GROUP INC,amazon,0.4028536315138096,344.896226040576
SONATA CAPITAL GROUP INC,apple,0.23419207170860645,840.6652885618316
SONATA CAPITAL GROUP INC,microsoft,0.0,100000.0
SONATA CAPITAL GROUP INC,salesforce,0.8311143071604645,7.663410868007454
"SRN Advisors, LLC",advanced_micro,0.8901687648413587,100000.0
"SRN Advisors, LLC",apple,0.7593735659799266,25235.391704347658
"SRN Advisors, LLC",microsoft,0.9458929220581731,100000.0
"SRN Advisors, LLC",nvidia,0.8584877521800501,100000.0
STONEBRIDGE CAPITAL MANAGEMENT INC,advanced_micro,0.2866366611634853,212.14517849106278
STONEBRIDGE CAPITAL MANAGEMENT INC,amazon,0.7295653966796556,87.03591361485165
STONEBRIDGE CAPITAL MANAGEMENT INC,microsoft,0.0,100000.0
STONERIDGE INVESTMENT PARTNERS LLC,amazon,0.0,100000.0
STONERIDGE INVESTMENT PARTNERS LLC,microsoft,0.14703308132868353,1482.020705798857
SYCOMORE ASSET MANAGEMENT,microsoft,0.0,100000.0
"Sage Financial Management Group, Inc.",apple,0.0,100000.0
"Sage Financial Management Group, Inc.",microsoft,0.5549079137945326,41.9870708444391
"Saiph Capital, LLC",amazon,0.49214619575620766,78428.22061337682
"Saiph Capital, LLC",apple,0.7552403941553371,8804.883581643464
"Saiph Capital, LLC",microsoft,0.8389394310784706,7488.103857590015
"Saiph Capital, LLC",salesforce,0.7732521795456131,3072.112998861759
Sara-Bay Financial,apple,0.33055205714541724,100000.0
Sara-Bay Financial,microsoft,0.0,100000.0
Sara-Bay Financial,palo_alto,0.5142858600695419,100000.0
Schoolcraft Capital LLC,amazon,0.0,100000.0
Schoolcraft Capital LLC,apple,0.7332054705689663,27364.39997074672
"Scott & Selber, Inc.",advanced_micro,0.4603884994134628,68.26071834272386
"Scott & Selber, Inc.",amazon,0.4999446943768576,180.41864093920717
"Scott & Selber, Inc.",google,0.6583065458539235,23.81685551976158
"Scott & Selber, Inc.",microsoft,0.22545012488270255,1482.020705798857
Seascape Capital Management,amazon,0.0,100000.0
Seascape Capital Management,apple,0.0,100000.0
Seascape Capital Management,microsoft,0.3112336288147022,318.0625692794119
Sierra Capital LLC,amazon,0.45426666423156037,476.86116977144746
Sierra Capital LLC,meta,0.8420225499011491,87.03591361485165
Sierra Capital LLC,microsoft,0.0,100000.0
Sierra Capital LLC,palo_alto,0.0,100000.0
Silicon Valley Community Foundation,palo_alto,0.5900008629165063,100000.0
"Silver Oak Advisory Group, Inc.",apple,0.8220953938617226,32.929712550971516
"Silver Oak Advisory Group, Inc.",microsoft,0.9143782601150332,14.649713983072864
"Single Point Partners, LLC",apple,0.4463631928975649,102.34114021054528
"Single Point Partners, LLC",microsoft,0.850265595209436,23.81685551976158
"SkyView Investment Advisors, LLC",amazon,0.47047963600773557,35.707859649004625
"SkyView Investment Advisors, LLC",apple,0.8288475589729294,94.37878277775381
"SkyView Investment Advisors, LLC",microsoft,0.0,100000.0
"SlateStone Wealth, LLC",palo_alto,0.7693490508798178,38.72038781812553
Smithfield Trust Co,amazon,0.0,100000.0
Smithfield Trust Co,apple,0.0,100000.0
Smithfield Trust Co,microsoft,0.0,100000.0
Smithfield Trust Co,palo_alto,0.5905511935411183,58.05225516094896
Smithfield Trust Co,salesforce,0.0,100000.0
Smithfield Trust Co,tesla,0.18466336894120816,120.33778407775905
Snowden Capital Advisors LLC,asml,0.7567657601189417,100000.0
South Dakota Investment Council,amazon,0.0,100000.0
South Dakota Investment Council,apple,0.1200813556360878,18251.834943190424
South Dakota Investment Council,microsoft,0.0,100000.0
South Dakota Investment Council,nvidia,0.17152829132806469,29673.024081888667
South Dakota Investment Council,tesla,0.28059374235328927,2409.403560239527
Southland Equity Partners LLC,amazon,0.36001539859466836,100000.0
Southland Equity Partners LLC,apple,0.38917372251731597,100000.0
Southland Equity Partners LLC,microsoft,0.6423188154633188,92219.78823334322
Southland Equity Partners LLC,nvidia,0.3926050257819169,100000.0
Southland Equity Partners LLC,tesla,0.041568446386725855,100000.0
"Sowa Financial Group, Inc.",apple,0.494503568494839,100000.0
"Sowa Financial Group, Inc.",microsoft,0.3102274781595489,100000.0
"State of Alaska, Department of Revenue",advanced_micro,0.0,100000.0
"State of Alaska, Department of Revenue",amazon,0.0,100000.0
"State of Alaska, Department of Revenue",apple,0.0,100000.0
"State of Alaska, Department of Revenue",microsoft,0.0,100000.0
"State of Alaska, Department of Revenue",nvidia,0.018689149797562865,100000.0
"State of Alaska, Department of Revenue",salesforce,0.17925735840882462,4247.571552536894
"Stephens Consulting, LLC",amazon,0.7957485243996368,12173.82727739662
"Stephens Consulting, LLC",apple,0.7106470692350464,8804.883581643464
"Stephens Consulting, LLC",microsoft,0.8751526288255392,10353.218432956615
Stolper Co,apple,0.0,100000.0
Stolper Co,microsoft,0.16507641350488667,517.0920242896756
"Summit Financial, LLC",advanced_micro,0.7600653039680666,100000.0
Summit Global Investments,microsoft,0.0,100000.0
"Summit Wealth Partners, LLC",amazon,0.6416443209982641,18251.834943190424
"Summit Wealth Partners, LLC",apple,0.7328542102797708,911.5888299750818
"Summit Wealth Partners, LLC",microsoft,0.33917964478970974,100000.0
Sutton Wealth Advisors Inc.,amazon,0.8818428359322552,27364.39997074672
Sutton Wealth Advisors Inc.,apple,0.7288247729206695,100000.0
Sutton Wealth Advisors Inc.,meta,0.8072227591206225,85044.89341802686
Sutton Wealth Advisors Inc.,microsoft,0.7442439729538238,78428.22061337682
Sutton Wealth Advisors Inc.,palo_alto,0.8214187467688369,3917.1014908092607
Sutton Wealth Advisors Inc.,salesforce,0.9041377552705454,1607.0528182616385
Swedbank AB,tesla,0.2430764869863522,100000.0
"Symmetry Partners, LLC",advanced_micro,0.3455288615095913,74.01959996915645
"TAGStone Capital, Inc.",amazon,0.856943250346635,68.26071834272386
"TAGStone Capital, Inc.",apple,0.18510210681682693,180.41864093920717
"TAGStone Capital, Inc.",microsoft,0.9001827907581667,13.509935211980265
TANAKA CAPITAL MANAGEMENT INC,amazon,0.5738560919987475,87.03591361485165
TANAKA CAPITAL MANAGEMENT INC,asml,0.0,100000.0
TANAKA CAPITAL MANAGEMENT INC,meta,0.9462864612842065,1.1895340673703196
TEACHER RETIREMENT SYSTEM OF TEXAS,amazon,0.0,100000.0
TEACHER RETIREMENT SYSTEM OF TEXAS,apple,0.020816388694008037,100000.0
TEACHER RETIREMENT SYSTEM OF TEXAS,microsoft,0.008886017558949577,100000.0
TEACHERS RETIREMENT SYSTEM OF THE STATE OF KENTUCKY,advanced_micro,0.6321897796913847,3917.1014908092607
TEACHERS RETIREMENT SYSTEM OF THE STATE OF KENTUCKY,amazon,0.0,100000.0
TEACHERS RETIREMENT SYSTEM OF THE STATE OF KENTUCKY,apple,0.2502078090780888,16831.80353330955
TEACHERS RETIREMENT SYSTEM OF THE STATE OF KENTUCKY,microsoft,0.3945963923377255,37834.62617131925
TEACHERS RETIREMENT SYSTEM OF THE STATE OF KENTUCKY,nvidia,0.6336921331281142,30.367711180354576
TEACHERS RETIREMENT SYSTEM OF THE STATE OF KENTUCKY,salesforce,0.0,100000.0
TEALWOOD ASSET MANAGEMENT INC,apple,0.0,100000.0
TEALWOOD ASSET MANAGEMENT INC,microsoft,0.0,100000.0
TEALWOOD ASSET MANAGEMENT INC,palo_alto,0.8099735970511218,10.59560179277616
THOMAS STORY & SON LLC,apple,0.0,100000.0
THOMAS STORY & SON LLC,microsoft,0.0,100000.0
"THOROUGHBRED FINANCIAL SERVICES, LLC",amazon,0.6354489035732691,14.649713983072864
"THOROUGHBRED FINANCIAL SERVICES, LLC",apple,0.5331141563799954,11226.677735108136
"THOROUGHBRED FINANCIAL SERVICES, LLC",microsoft,0.4978554999867083,8804.883581643464
"THOROUGHBRED FINANCIAL SERVICES, LLC",salesforce,0.2522001788906696,911.5888299750818
TOBAM,apple,0.7774821698848888,293.31662783900424
TOBAM,meta,0.9614667991517526,141.4991297434576
TOWER BRIDGE ADVISORS,amazon,0.6578285682410432,25235.391704347658
TOWER BRIDGE ADVISORS,apple,0.48079814002565435,100000.0
TOWER BRIDGE ADVISORS,microsoft,0.3232494215447983,100000.0
TRAPHAGEN INVESTMENT ADVISORS LLC,amazon,0.7096838116538491,3917.1014908092607
TRAPHAGEN INVESTMENT ADVISORS LLC,apple,0.5965096754709809,14314.589375234786
TRAPHAGEN INVESTMENT ADVISORS LLC,meta,0.27677831388330587,100000.0
TRAPHAGEN INVESTMENT ADVISORS LLC,microsoft,0.7231296229357997,1260.3829296797273
TRUST CO OF OKLAHOMA,apple,0.12836856612429537,100000.0
TRUST CO OF OKLAHOMA,microsoft,0.148603939515502,100000.0
"TSFG, LLC",advanced_micro,0.1637697873425228,25.826187606826746
"TSFG, LLC",amazon,0.4021090541921791,293.31662783900424
"TSFG, LLC",apple,0.3009839074047165,1071.8913192051286
"TSFG, LLC",meta,0.9317833882122626,3.409285069746811
"TSFG, LLC",microsoft,0.36941082049236096,476.86116977144746
TUCKER ASSET MANAGEMENT LLC,amazon,0.5405405920502216,100000.0
TUCKER ASSET MANAGEMENT LLC,apple,0.9084604528721174,34891.012134067736
TUCKER ASSET MANAGEMENT LLC,microsoft,0.7766736961026506,48241.08704165374
Te Ahumairangi Investment Management Ltd,amazon,0.7807814698288114,166.38168860761274
Te Ahumairangi Investment Management Ltd,apple,0.4452179366635236,1260.3829296797273
Te Ahumairangi Investment Management Ltd,meta,0.6351630624642354,195.63983435170647
Te Ahumairangi Investment Management Ltd,microsoft,0.6632446251532423,1366.7163564620073
Thrivent Financial for Lutherans,amazon,0.3336848056212748,72326.33896483533
Thrivent Financial for Lutherans,apple,0.020274299501208626,100000.0
Thrivent Financial for Lutherans,microsoft,0.04625410676843966,100000.0
Thrivent Financial for Lutherans,palo_alto,0.0,100000.0
Thrivent Financial for Lutherans,salesforce,0.0,100000.0
Tinicum Inc,meta,0.6016311346271347,6905.513520162331
Tower View Investment Management & Research LLC,amazon,0.8961366279754073,21.96385372416547
Tower View Investment Management & Research LLC,microsoft,0.0,100000.0
Tower View Investment Management & Research LLC,nvidia,0.0,100000.0
Treasurer of the State of North Carolina,amazon,0.0,100000.0
Treasurer of the State of North Carolina,apple,0.27736527868913086,100000.0
Treasurer of the State of North Carolina,microsoft,0.2911217047520396,100000.0
Treasurer of the State of North Carolina,palo_alto,0.6124843179218613,0.01
Treasurer of the State of North Carolina,salesforce,0.0,100000.0
Trevian Wealth Management LLC,meta,0.8960345480512342,4.347013158125022
Triple Frond Partners LLC,amazon,0.7597647969268768,2612.6752255633264
Triple Frond Partners LLC,microsoft,0.0,100000.0
"Triune Financial Partners, LLC",microsoft,0.802579873655164,3072.112998861759
Trust Co of Kansas,amazon,0.4727494581320115,373.9937302478794
Trust Co of Kansas,microsoft,0.0,100000.0
UBS ASSET MANAGEMENT AMERICAS INC,amazon,0.677378688452632,100000.0
UBS ASSET MANAGEMENT AMERICAS INC,apple,0.5304249752295782,100000.0
UBS ASSET MANAGEMENT AMERICAS INC,microsoft,0.42721476464617714,100000.0
UBS ASSET MANAGEMENT AMERICAS INC,salesforce,0.5100094735501268,100000.0
"USAdvisors Wealth Management, LLC",amazon,0.0,120.33778407775905
"USAdvisors Wealth Management, LLC",apple,0.0,100000.0
"USAdvisors Wealth Management, LLC",microsoft,0.0,100000.0
"Ulland Investment Advisors, LLC",amazon,0.9158707383886361,32.929712550971516
"Ulland Investment Advisors, LLC",apple,0.8052910602101081,14.649713983072864
"Ulland Investment Advisors, LLC",meta,0.9478454850128246,38.72038781812553
"Ulland Investment Advisors, LLC",microsoft,0.8167703826172391,130.49019780144016
V2 Financial group LLC,amazon,0.6365029555740751,100000.0
V2 Financial group LLC,apple,0.33890371888038906,100000.0
V2 Financial group LLC,microsoft,0.6905010732213525,14314.589375234786
VALICENTI ADVISORY SERVICES INC,amazon,0.0,100000.0
VALICENTI ADVISORY SERVICES INC,apple,0.0,100000.0
VALICENTI ADVISORY SERVICES INC,microsoft,0.32273046440689,2833.096101839324
VALLEY NATIONAL ADVISERS INC,amazon,0.0,100000.0
VALLEY NATIONAL ADVISERS INC,apple,0.3464583136674043,1742.6333860096508
VALLEY NATIONAL ADVISERS INC,microsoft,0.32147528046086815,1482.020705798857
VAN ECK ASSOCIATES CORP,advanced_micro,0.5785806253330787,2221.946860939524
VAN ECK ASSOCIATES CORP,amazon,0.0,100000.0
VAN ECK ASSOCIATES CORP,apple,0.9401954098770934,0.01
VAN ECK ASSOCIATES CORP,asml,0.5993153825578859,0.01
VAN ECK ASSOCIATES CORP,palantir,0.9848958659933797,0.01
VAUGHAN DAVID INVESTMENTS LLC/IL,amazon,0.0,100000.0
VAUGHAN DAVID INVESTMENTS LLC/IL,apple,0.2835133127661793,476.86116977144746
VAUGHAN DAVID INVESTMENTS LLC/IL,meta,0.7506672264867151,62.94988990221888
VAUGHAN DAVID INVESTMENTS LLC/IL,microsoft,0.0,100000.0
"VESTOR CAPITAL, LLC",microsoft,0.0,100000.0
Vancity Investment Management Ltd,amazon,0.0,100000.0
Vancity Investment Management Ltd,apple,0.0,100000.0
Vancity Investment Management Ltd,microsoft,0.0,100000.0
"Vantage Investment Partners, LLC",apple,0.9130549586287999,3917.1014908092607
"Vantage Investment Partners, LLC",microsoft,0.0,100000.0
Vestcor Inc,advanced_micro,0.41377153174170456,840.6652885618316
Vestcor Inc,amazon,0.0,100000.0
Vestcor Inc,apple,0.6290427441200256,4994.50511585514
Vestcor Inc,microsoft,0.6952184686996681,5415.871378079476
Vestcor Inc,nvidia,0.6884681285836729,0.01
Vestcor Inc,salesforce,0.0,100000.0
Vestcor Inc,tesla,0.23810753968991727,1366.7163564620073
"Vigilant Capital Management, LLC",amazon,0.20556748127666558,2833.096101839324
"Vigilant Capital Management, LLC",apple,0.0,100000.0
"Vigilant Capital Management, LLC",microsoft,0.0,100000.0
"Violich Capital Management, Inc.",apple,0.0,100000.0
"Violich Capital Management, Inc.",microsoft,0.0,100000.0
"Violich Capital Management, Inc.",palo_alto,0.0,100000.0
"Vishria Bird Financial Group, LLC",amazon,0.0,100000.0
"Vishria Bird Financial Group, LLC",apple,0.3306677463810582,1889.6523396912078
"Vishria Bird Financial Group, LLC",microsoft,0.33893584380023334,1482.020705798857
WADE G W & INC,amazon,0.0,100000.0
WADE G W & INC,apple,0.3289015584070347,10353.218432956615
WADE G W & INC,microsoft,0.4725246665881422,6905.513520162331
"WARNER FINANCIAL, INC",amazon,0.3249200976369919,41.9870708444391
"WARNER FINANCIAL, INC",microsoft,0.42462623694457957,68.26071834272386
WEDBUSH SECURITIES INC,advanced_micro,0.24833562040123924,2409.403560239527
WEDBUSH SECURITIES INC,amazon,0.0,100000.0
WEDBUSH SECURITIES INC,apple,0.46079302879073936,18251.834943190424
WEDBUSH SECURITIES INC,microsoft,0.36834229494179715,12173.82727739662
WEDBUSH SECURITIES INC,salesforce,0.0,100000.0
WELCH CAPITAL PARTNERS LLC/NY,apple,0.0,100000.0
WELCH CAPITAL PARTNERS LLC/NY,microsoft,0.0,100000.0
WEST PACES ADVISORS INC.,amazon,0.17523587408524877,100000.0
WEST PACES ADVISORS INC.,apple,0.2831307424692674,100000.0
WEST PACES ADVISORS INC.,asml,0.0,100000.0
WEST PACES ADVISORS INC.,microsoft,0.38165147210203154,100000.0
WEST PACES ADVISORS INC.,nvidia,0.5672925996382268,1607.0528182616385
WEST PACES ADVISORS INC.,salesforce,0.4088292796272329,15522.25357427048
WESTWOOD MANAGEMENT CORP /IL/,amazon,0.7952267655670396,775.2597488629465
WESTWOOD MANAGEMENT CORP /IL/,microsoft,0.4838676534775256,344.896226040576
WESTWOOD MANAGEMENT CORP /IL/,tesla,0.7943111797430964,11.489510001873086
WFA Asset Management Corp,amazon,0.4591858976212163,56724.26068491978
WFA Asset Management Corp,apple,0.46807725669170597,85044.89341802686
WFA Asset Management Corp,meta,0.0,100000.0
WFA Asset Management Corp,microsoft,0.2774917394104487,52310.993080562585
WINSLOW ASSET MANAGEMENT INC,amazon,0.0,100000.0
WINSLOW ASSET MANAGEMENT INC,microsoft,0.0,100000.0
WINTRUST INVESTMENTS LLC,microsoft,0.17068977019653875,4605.922041145103
"Wallington Asset Management, LLC",amazon,0.0,100000.0
"Wallington Asset Management, LLC",apple,0.0,100000.0
"Wallington Asset Management, LLC",meta,0.9462387027105283,87.03591361485165
"Wallington Asset Management, LLC",microsoft,0.0,100000.0
"Wayfinding Financial, LLC",microsoft,0.8194718040971672,405.54607358408276
WealthBridge Investment Counsel Inc.,amazon,0.0,100000.0
"Weinberger Asset Management, Inc",apple,0.846225862042213,66699.19663030114
"Werlinich Asset Management, LLC",advanced_micro,0.3467846461613965,100000.0
"Werlinich Asset Management, LLC",amazon,0.7310313532969142,52310.993080562585
"Werlinich Asset Management, LLC",apple,0.09594204534443196,100000.0
"Werlinich Asset Management, LLC",microsoft,0.35991048227466194,100000.0
"Werlinich Asset Management, LLC",nvidia,0.5134975501768329,100000.0
Wesleyan Assurance Society,apple,0.2338181157319229,5872.786613189477
Wesleyan Assurance Society,microsoft,0.27232201215395424,12173.82727739662
"Westbourne Investment Advisors, Inc.",apple,0.0,100000.0
"Westbourne Investment Advisors, Inc.",meta,0.8662904466020926,560.7169938205458
"Westbourne Investment Advisors, Inc.",microsoft,0.294668017642169,1482.020705798857
"Westside Investment Management, Inc.",apple,0.7219318022783306,100000.0
"Wharton Business Group, LLC",amazon,0.0,100000.0
"Wharton Business Group, LLC",apple,0.0,100000.0
"Wharton Business Group, LLC",meta,0.7659203364101542,10.59560179277616
"Wharton Business Group, LLC",microsoft,0.25387376522197236,476.86116977144746
"Whetstone Capital Advisors, LLC",amazon,0.8466336102356079,911.5888299750818
White Pine Investment CO,apple,0.16277645051296497,439.7603609302721
White Pine Investment CO,meta,0.8160308724443688,344.896226040576
White Pine Investment CO,microsoft,0.0,100000.0
Windsor Group LTD,amazon,0.9288690587566182,18.67913599020783
Windsor Group LTD,apple,0.21713145181450266,1482.020705798857
Windsor Group LTD,microsoft,0.49063996811039157,608.0224261649427
Wolff Financial Management LLC,apple,0.1861406132536536,439.7603609302721
Wolff Financial Management LLC,meta,0.8630954772964714,15.885651294280526
Wolff Financial Management LLC,microsoft,0.0,100000.0
"X-Square Capital, LLC",advanced_micro,0.0,100000.0
"X-Square Capital, LLC",amazon,0.0,100000.0
"X-Square Capital, LLC",apple,0.0,100000.0
"X-Square Capital, LLC",microsoft,0.0,100000.0
"X-Square Capital, LLC",shopify,0.45518309507371923,270.4959730463137
ZEVIN ASSET MANAGEMENT LLC,amazon,0.657754450854632,45.52935074866948
ZEVIN ASSET MANAGEMENT LLC,microsoft,0.5232554434104117,3331.2947879346702
